index,name,name2,pos,sum,timeOnIce,ot,shutouts,ties,wins,losses,saves,powerPlaySaves,shortHandedSaves,evenSaves,shortHandedShots,evenShots,powerPlayShots,savePercentage,goalAgainstAverage,games,gamesStarted,shotsAgainst,goalsAgainst,timeOnIcePerGame,powerPlaySavePercentage,shortHandedSavePercentage,evenStrengthSavePercentage,assists,goals,pim,shots,hits,powerPlayGoals,powerPlayPoints,powerPlayTimeOnIce,evenTimeOnIce,penaltyMinutes,faceOffPct,shotPct,gameWinningGoals,overTimeGoals,shortHandedGoals,shortHandedPoints,shortHandedTimeOnIce,blocked,plusMinus,points,shifts,evenTimeOnIcePerGame,shortHandedTimeOnIcePerGame,powerPlayTimeOnIcePerGame
8473541,Jonathan Bernier,"Bernier, Jonathan",G,0,510:06,1.0,0.0,0.0,4.0,4.0,238.0,36.0,10.0,192.0,11.0,209.0,44.0,0.902,3.0582,10,8.0,264.0,26.0,51:00,81.81818181818183,90.9090909090909,91.86602870813397,,,,,,,,,,,,,,,,,,,,,,,,
8474090,Brendan Smith,"Smith, Brendan",D,221,626:19,,,,,,,,,,,,,,,45,,,,13:55,,,,4.0,4.0,36.0,63.0,73.0,0.0,0.0,00:39,577:40,36,0.0,6.3,1.0,0.0,0.0,0.0,48:00,40.0,6.0,8.0,855.0,12:50,01:04,00:00
8475193,Tomas Tatar,"Tatar, Tomas",LW,293,1127:15,,,,,,,,,,,,,,,76,,,,14:49,,,,15.0,15.0,22.0,132.0,75.0,2.0,5.0,141:43,985:05,22,38.0,11.4,1.0,0.0,0.0,0.0,00:27,28.0,-22.0,30.0,1613.0,12:57,00:00,01:51
8475287,Erik Haula,"Haula, Erik",LW,404,1177:17,,,,,,,,,,,,,,,78,,,,15:05,,,,26.0,18.0,47.0,141.0,129.0,2.0,4.0,74:25,1044:33,47,53.84,12.8,3.0,0.0,0.0,0.0,58:19,36.0,19.0,44.0,1522.0,13:23,00:44,00:57
8476292,Ondrej Palat,"Palat, Ondrej",LW,389,1270:15,,,,,,,,,,,,,,,77,,,,16:29,,,,31.0,18.0,20.0,143.0,124.0,1.0,6.0,161:54,1084:08,20,11.11,12.6,5.0,2.0,0.0,1.0,24:13,42.0,15.0,49.0,1624.0,14:04,00:18,02:06
8470610,Zach Parise,"Parise, Zach",LW,329,1253:18,,,,,,,,,,,,,,,82,,,,15:17,,,,20.0,15.0,28.0,138.0,60.0,2.0,7.0,130:20,999:09,28,37.33,10.9,4.0,0.0,2.0,2.0,123:49,57.0,-2.0,35.0,1720.0,12:11,01:30,01:35
8473504,Cal Clutterbuck,"Clutterbuck, Cal",RW,352,828:28,,,,,,,,,,,,,,,59,,,,14:02,,,,9.0,6.0,10.0,74.0,229.0,0.0,0.0,05:02,704:58,10,73.33,8.1,1.0,0.0,1.0,1.0,118:28,23.0,-6.0,15.0,1253.0,11:56,02:00,00:05
8473575,Semyon Varlamov,"Varlamov, Semyon",G,0,1792:17,2.0,2.0,0.0,10.0,17.0,891.0,108.0,24.0,759.0,26.0,833.0,119.0,0.911,2.9125,31,29.0,978.0,87.0,57:48,90.75630252100841,92.3076923076923,91.11644657863145,,,,,,,,,,,,,,,,,,,,,,,,
8474573,Josh Bailey,"Bailey, Josh",RW,194,1249:50,,,,,,,,,,,,,,,74,,,,16:53,,,,30.0,14.0,6.0,87.0,19.0,2.0,11.0,114:23,1054:53,6,39.09,16.1,1.0,0.0,0.0,0.0,80:34,26.0,-7.0,44.0,1600.0,14:15,01:05,01:32
8474709,Matt Martin,"Martin, Matt",LW,404,812:13,,,,,,,,,,,,,,,71,,,,11:26,,,,4.0,3.0,70.0,66.0,235.0,0.0,0.0,06:02,804:39,70,42.1,4.5,0.0,0.0,0.0,0.0,01:32,26.0,-2.0,7.0,1152.0,11:19,00:01,00:05
8475151,Kyle Palmieri,"Palmieri, Kyle",RW,353,1078:07,,,,,,,,,,,,,,,69,,,,15:37,,,,18.0,15.0,57.0,156.0,77.0,2.0,6.0,111:39,950:44,57,29.41,9.6,6.0,0.0,0.0,0.0,15:44,18.0,0.0,33.0,1429.0,13:46,00:13,01:37
8475209,Richard Panik,"Panik, Richard",RW,17,59:40,,,,,,,,,,,,,,,4,,,,14:55,,,,1.0,0.0,0.0,4.0,9.0,0.0,1.0,13:27,46:13,0,50.0,0.0,0.0,0.0,0.0,0.0,00:00,2.0,-2.0,1.0,74.0,11:33,00:00,03:21
8475231,Casey Cizikas,"Cizikas, Casey",C,339,1017:16,,,,,,,,,,,,,,,74,,,,13:44,,,,6.0,10.0,48.0,91.0,138.0,0.0,0.0,05:30,875:09,48,55.56,11.0,3.0,0.0,1.0,1.0,136:37,43.0,-3.0,16.0,1503.0,11:49,01:50,00:04
8475314,Anders Lee,"Lee, Anders",LW,379,1263:44,,,,,,,,,,,,,,,76,,,,16:37,,,,18.0,28.0,34.0,159.0,94.0,9.0,13.0,179:05,1083:52,34,48.5,17.6,3.0,0.0,0.0,0.0,00:47,30.0,-11.0,46.0,1569.0,14:15,00:00,02:21
8475754,Brock Nelson,"Nelson, Brock",C,356,1272:52,,,,,,,,,,,,,,,72,,,,17:40,,,,22.0,37.0,33.0,171.0,31.0,11.0,14.0,161:55,1058:23,33,49.37,21.6,5.0,0.0,0.0,0.0,52:34,43.0,-5.0,59.0,1615.0,14:41,00:43,02:14
8476404,Andy Andreoff,"Andreoff, Andy",C,19,59:55,,,,,,,,,,,,,,,6,,,,09:59,,,,0.0,1.0,0.0,6.0,11.0,0.0,0.0,00:00,59:42,0,52.94,16.7,0.0,0.0,0.0,0.0,00:13,1.0,-1.0,1.0,81.0,09:57,00:02,00:00
8476419,Jean-Gabriel Pageau,"Pageau, Jean-Gabriel",C,426,1360:56,,,,,,,,,,,,,,,77,,,,17:40,,,,21.0,18.0,30.0,126.0,171.0,4.0,7.0,159:15,1054:05,30,55.32,14.3,0.0,0.0,1.0,4.0,147:36,53.0,0.0,39.0,1845.0,13:41,01:55,02:04
8476429,Scott Mayfield,"Mayfield, Scott",D,341,1205:49,,,,,,,,,,,,,,,61,,,,19:46,,,,15.0,3.0,55.0,80.0,77.0,0.0,0.0,03:42,1061:35,55,0.0,3.8,2.0,0.0,0.0,1.0,140:32,109.0,-5.0,18.0,1482.0,17:24,02:18,00:03
8476917,Adam Pelech,"Pelech, Adam",D,401,1659:55,,,,,,,,,,,,,,,78,,,,21:16,,,,25.0,3.0,42.0,104.0,99.0,0.0,0.0,14:28,1465:57,42,0.0,2.9,0.0,0.0,0.0,2.0,179:30,128.0,20.0,28.0,2087.0,18:47,02:18,00:11
8476983,Paul LaDue,"LaDue, Paul",D,4,12:47,,,,,,,,,,,,,,,1,,,,12:47,,,,0.0,0.0,0.0,1.0,2.0,0.0,0.0,00:09,11:03,0,0.0,0.0,0.0,0.0,0.0,0.0,01:35,1.0,-2.0,0.0,20.0,11:03,01:35,00:09
8477392,Hudson Fasching,"Fasching, Hudson",RW,25,108:43,,,,,,,,,,,,,,,11,,,,09:53,,,,0.0,0.0,0.0,3.0,16.0,0.0,0.0,00:00,105:54,0,100.0,0.0,0.0,0.0,0.0,0.0,02:49,6.0,-3.0,0.0,155.0,09:37,00:15,00:00
8477506,Ryan Pulock,"Pulock, Ryan",D,367,1183:34,,,,,,,,,,,,,,,56,,,,21:08,,,,16.0,5.0,2.0,122.0,86.0,2.0,6.0,78:15,1015:46,2,0.0,4.1,0.0,0.0,0.0,1.0,89:33,130.0,0.0,21.0,1470.0,18:08,01:35,01:23
8477527,Ross Johnston,"Johnston, Ross",LW,166,328:41,,,,,,,,,,,,,,,32,,,,10:16,,,,5.0,2.0,44.0,9.0,90.0,0.0,0.0,01:07,327:34,44,0.0,22.2,0.0,0.0,0.0,0.0,00:00,16.0,-3.0,7.0,460.0,10:14,00:00,00:02
8478009,Ilya Sorokin,"Sorokin, Ilya",G,0,3072:17,8.0,7.0,0.0,26.0,18.0,1520.0,174.0,35.0,1311.0,40.0,1407.0,196.0,0.925,2.4021,52,52.0,1643.0,123.0,59:04,88.77551020408163,87.5,93.17697228144989,,,,,,,,,,,,,,,,,,,,,,,,
8478367,Cole Bardreau,"Bardreau, Cole",C,0,00:00,,,,,,,,,,,,,,,0,,,,,,,,0.0,0.0,0.0,0.0,0.0,0.0,0.0,00:00,00:00,0,0.0,0.0,0.0,0.0,0.0,0.0,00:00,0.0,0.0,0.0,0.0,,,
8478445,Mathew Barzal,"Barzal, Mathew",C,312,1315:26,,,,,,,,,,,,,,,73,,,,18:01,,,,44.0,15.0,18.0,161.0,36.0,1.0,20.0,194:03,1119:48,18,46.33,9.3,1.0,0.0,0.0,0.0,01:35,17.0,-15.0,59.0,1450.0,15:20,00:01,02:39
8478463,Anthony Beauvillier,"Beauvillier, Anthony",LW,271,1262:30,,,,,,,,,,,,,,,75,,,,16:50,,,,22.0,12.0,12.0,154.0,39.0,5.0,11.0,128:44,1104:09,12,40.0,7.8,1.0,0.0,0.0,0.0,29:37,20.0,-10.0,34.0,1577.0,14:43,00:23,01:42
8478965,Kenneth Appleby,"Appleby, Kenneth",G,0,00:00,0.0,0.0,0.0,0.0,0.0,0.0,0.0,0.0,0.0,0.0,0.0,0.0,0.0,,0,0.0,0.0,0.0,,,,,,,,,,,,,,,,,,,,,,,,,,,,
8479356,Kieffer Bellows,"Bellows, Kieffer",LW,240,533:54,,,,,,,,,,,,,,,45,,,,11:51,,,,13.0,6.0,19.0,79.0,103.0,0.0,4.0,21:16,512:08,19,0.0,7.6,2.0,0.0,0.0,0.0,00:30,14.0,-1.0,19.0,681.0,11:22,00:00,00:28
8479395,Dennis Cholowski,"Cholowski, Dennis",D,34,173:57,,,,,,,,,,,,,,,11,,,,15:48,,,,3.0,0.0,2.0,11.0,5.0,0.0,0.0,11:09,162:22,2,0.0,0.0,0.0,0.0,0.0,0.0,00:26,13.0,-3.0,3.0,205.0,14:45,00:02,01:00
8479526,Otto Koivula,"Koivula, Otto",LW,22,85:57,,,,,,,,,,,,,,,8,,,,10:44,,,,2.0,0.0,0.0,8.0,8.0,0.0,0.0,04:09,78:48,0,42.3,0.0,0.0,0.0,0.0,0.0,03:00,4.0,-2.0,2.0,115.0,09:51,00:22,00:31
8470860,Jaroslav Halak,"Halak, Jaroslav",G,0,796:39,2.0,0.0,0.0,4.0,7.0,361.0,43.0,6.0,312.0,6.0,340.0,54.0,0.903,2.9373,17,14.0,400.0,39.0,46:51,79.62962962962963,100.0,91.76470588235294,,,,,,,,,,,,,,,,,,,,,,,,
8471817,Ryan Reaves,"Reaves, Ryan",RW,395,734:47,,,,,,,,,,,,,,,69,,,,10:38,,,,8.0,5.0,43.0,44.0,279.0,0.0,0.0,05:40,728:56,43,50.0,11.4,0.0,0.0,0.0,0.0,00:11,16.0,-13.0,13.0,976.0,10:33,00:00,00:04
8475184,Chris Kreider,"Kreider, Chris",LW,585,1517:08,,,,,,,,,,,,,,,81,,,,18:43,,,,25.0,52.0,24.0,258.0,141.0,26.0,35.0,240:14,1156:07,24,48.9,20.2,11.0,0.0,3.0,3.0,120:47,39.0,19.0,77.0,1856.0,14:16,01:29,02:57
8475797,Jarred Tinordi,"Tinordi, Jarred",D,39,89:54,,,,,,,,,,,,,,,7,,,,12:50,,,,0.0,1.0,7.0,5.0,17.0,0.0,0.0,00:41,88:35,7,0.0,20.0,1.0,0.0,0.0,0.0,00:38,8.0,-5.0,1.0,129.0,12:39,00:05,00:05
8475839,Louis Domingue,"Domingue, Louis",G,0,118:45,0.0,0.0,0.0,1.0,1.0,79.0,15.0,1.0,63.0,1.0,66.0,16.0,0.952,2.0211,2,2.0,83.0,4.0,59:22,93.75,100.0,95.45454545454545,,,,,,,,,,,,,,,,,,,,,,,,
8476389,Vincent Trocheck,"Trocheck, Vincent",C,543,1447:47,,,,,,,,,,,,,,,81,,,,17:52,,,,30.0,21.0,78.0,168.0,185.0,6.0,12.0,233:03,1071:36,78,54.61,12.5,3.0,0.0,0.0,0.0,143:08,46.0,21.0,51.0,1727.0,13:13,01:46,02:52
8475176,Ryan Ellis,"Ellis, Ryan",D,20,91:13,,,,,,,,,,,,,,,4,,,,22:48,,,,4.0,1.0,0.0,6.0,1.0,0.0,2.0,06:38,74:56,0,0.0,16.7,0.0,0.0,0.0,0.0,09:39,6.0,2.0,5.0,117.0,18:44,02:24,01:39
8476461,Sean Couturier,"Couturier, Sean",C,157,591:26,,,,,,,,,,,,,,,29,,,,20:23,,,,11.0,6.0,14.0,79.0,22.0,2.0,5.0,82:24,446:53,14,55.6,7.6,2.0,0.0,0.0,1.0,62:09,18.0,-6.0,17.0,739.0,15:24,02:08,02:50
8474027,Justin Braun,"Braun, Justin",D,335,1348:42,,,,,,,,,,,,,,,69,,,,19:32,,,,12.0,6.0,36.0,73.0,87.0,0.0,0.0,03:48,1195:11,36,0.0,8.2,0.0,0.0,0.0,0.0,149:43,121.0,2.0,18.0,1813.0,17:19,02:10,00:03
8474037,James van Riemsdyk,"van, James",LW,321,1321:13,,,,,,,,,,,,,,,82,,,,16:06,,,,14.0,24.0,25.0,186.0,34.0,9.0,9.0,213:51,1106:39,25,41.66,12.9,4.0,0.0,0.0,0.0,00:43,25.0,-33.0,38.0,1742.0,13:29,00:00,02:36
8474715,Cam Atkinson,"Atkinson, Cam",RW,351,1331:59,,,,,,,,,,,,,,,73,,,,18:14,,,,27.0,23.0,10.0,215.0,20.0,2.0,5.0,195:35,1007:51,10,29.41,10.7,6.0,1.0,3.0,3.0,128:33,45.0,-2.0,50.0,1835.0,13:48,01:45,02:40
8475235,Nicolas Deslauriers,"Deslauriers, Nicolas",LW,529,920:36,,,,,,,,,,,,,,,81,,,,11:21,,,,5.0,8.0,113.0,90.0,263.0,0.0,0.0,02:10,819:31,113,25.0,8.9,1.0,0.0,1.0,1.0,98:55,49.0,-11.0,13.0,1274.0,10:07,01:13,00:01
8475246,Kevin Connauton,"Connauton, Kevin",D,143,509:59,,,,,,,,,,,,,,,39,,,,13:04,,,,2.0,1.0,4.0,30.0,74.0,0.0,0.0,01:09,489:37,4,0.0,3.3,0.0,0.0,0.0,0.0,19:13,32.0,-3.0,3.0,707.0,12:33,00:29,00:01
8475763,Kevin Hayes,"Hayes, Kevin",C,236,860:20,,,,,,,,,,,,,,,48,,,,17:55,,,,21.0,10.0,26.0,126.0,36.0,2.0,4.0,130:02,686:50,26,42.83,7.9,1.0,0.0,0.0,1.0,43:28,12.0,-20.0,31.0,1103.0,14:18,00:54,02:42
8476372,Nick Seeler,"Seeler, Nick",D,206,562:22,,,,,,,,,,,,,,,43,,,,13:04,,,,2.0,1.0,29.0,32.0,75.0,0.0,0.0,02:28,526:03,29,0.0,3.1,0.0,0.0,0.0,0.0,33:51,67.0,-3.0,3.0,817.0,12:14,00:47,00:03
8476872,Scott Laughton,"Laughton, Scott",C,375,1100:13,,,,,,,,,,,,,,,67,,,,16:25,,,,19.0,11.0,35.0,110.0,151.0,0.0,1.0,40:55,942:49,35,51.03,10.0,1.0,1.0,2.0,2.0,116:29,47.0,-9.0,30.0,1592.0,14:04,01:44,00:36
8477234,Troy Grosenick,"Grosenick, Troy",G,0,00:00,0.0,0.0,0.0,0.0,0.0,0.0,0.0,0.0,0.0,0.0,0.0,0.0,0.0,,0,0.0,0.0,0.0,,,,,,,,,,,,,,,,,,,,,,,,,,,,
8477499,Rasmus Ristolainen,"Ristolainen, Rasmus",D,507,1415:05,,,,,,,,,,,,,,,66,,,,21:26,,,,14.0,2.0,38.0,97.0,230.0,0.0,1.0,44:58,1245:10,38,0.0,2.1,0.0,0.0,0.0,0.0,124:57,125.0,-9.0,16.0,1829.0,18:51,01:53,00:40
8477887,Patrick Brown,"Brown, Patrick",C,207,547:05,,,,,,,,,,,,,,,44,,,,12:26,,,,5.0,4.0,11.0,51.0,100.0,0.0,0.0,02:36,468:47,11,58.45,7.8,0.0,0.0,0.0,0.0,75:42,36.0,-16.0,9.0,852.0,10:39,01:43,00:03
8477948,Travis Sanheim,"Sanheim, Travis",D,395,1837:36,,,,,,,,,,,,,,,80,,,,22:58,,,,24.0,7.0,34.0,123.0,64.0,0.0,0.0,54:11,1611:52,34,0.0,5.7,1.0,1.0,0.0,0.0,171:33,142.0,9.0,31.0,2278.0,20:08,02:08,00:40
8477950,Tony DeAngelo,"DeAngelo, Tony",D,380,1267:45,,,,,,,,,,,,,,,64,,,,19:48,,,,41.0,10.0,56.0,151.0,41.0,2.0,20.0,194:57,1063:46,56,0.0,6.6,2.0,0.0,0.0,0.0,09:02,59.0,30.0,51.0,1458.0,16:37,00:08,03:02
8478011,Louie Belpedio,"Belpedio, Louie",D,0,00:00,,,,,,,,,,,,,,,0,,,,,,,,0.0,0.0,0.0,0.0,0.0,0.0,0.0,00:00,00:00,0,0.0,0.0,0.0,0.0,0.0,0.0,00:00,0.0,0.0,0.0,0.0,,,
8478051,Max Willman,"Willman, Max",C,150,482:38,,,,,,,,,,,,,,,41,,,,11:46,,,,2.0,4.0,16.0,65.0,53.0,0.0,0.0,01:04,465:20,16,28.57,6.2,0.0,0.0,0.0,0.0,16:14,10.0,-13.0,6.0,704.0,11:20,00:23,00:01
8478173,Hayden Hodgson,"Hodgson, Hayden",RW,38,79:12,,,,,,,,,,,,,,,6,,,,13:12,,,,2.0,1.0,11.0,10.0,12.0,0.0,0.0,03:17,75:55,11,50.0,10.0,0.0,0.0,0.0,0.0,00:00,2.0,-1.0,3.0,119.0,12:39,00:00,00:32
8478433,Felix Sandstrom,"Sandstrom, Felix",G,0,297:15,1.0,0.0,0.0,0.0,4.0,161.0,36.0,5.0,120.0,6.0,131.0,40.0,0.91,3.2296,5,5.0,177.0,16.0,59:27,90.0,83.33333333333334,91.6030534351145,,,,,,,,,,,,,,,,,,,,,,,,
8478439,Travis Konecny,"Konecny, Travis",RW,476,1391:27,,,,,,,,,,,,,,,79,,,,17:36,,,,36.0,16.0,77.0,220.0,80.0,3.0,10.0,215:48,1162:19,77,41.93,7.3,3.0,0.0,0.0,0.0,13:20,34.0,-23.0,52.0,1813.0,14:42,00:10,02:43
8478442,Cooper Marody,"Marody, Cooper",C,2,06:04,,,,,,,,,,,,,,,1,,,,06:04,,,,1.0,0.0,0.0,1.0,0.0,0.0,0.0,00:11,05:53,0,0.0,0.0,0.0,0.0,0.0,0.0,00:00,0.0,0.0,1.0,9.0,05:53,00:00,00:11
8478500,Ivan Provorov,"Provorov, Ivan",D,489,1966:20,,,,,,,,,,,,,,,79,,,,24:53,,,,22.0,9.0,34.0,170.0,74.0,1.0,7.0,176:48,1578:42,34,0.0,5.3,1.0,1.0,0.0,2.0,210:50,172.0,-20.0,31.0,2348.0,19:59,02:40,02:14
8479465,Drake Caggiula,"Caggiula, Drake",C,58,263:27,,,,,,,,,,,,,,,18,,,,14:38,,,,3.0,2.0,4.0,23.0,17.0,0.0,1.0,02:22,231:52,4,25.0,8.7,1.0,0.0,0.0,0.0,29:13,7.0,-4.0,5.0,354.0,12:52,01:37,00:07
8470604,Jeff Carter,"Carter, Jeff",C,440,1342:59,,,,,,,,,,,,,,,76,,,,17:40,,,,26.0,19.0,38.0,200.0,99.0,3.0,6.0,154:21,1078:20,38,56.99,9.5,2.0,1.0,1.0,1.0,110:18,50.0,-8.0,45.0,1795.0,14:11,01:27,02:01
8471215,Evgeni Malkin,"Malkin, Evgeni",C,259,751:31,,,,,,,,,,,,,,,41,,,,18:19,,,,22.0,20.0,24.0,129.0,21.0,9.0,20.0,154:16,596:53,24,43.61,15.5,5.0,1.0,0.0,0.0,00:22,18.0,-10.0,42.0,885.0,14:33,00:00,03:45
8471675,Sidney Crosby,"Crosby, Sidney",C,450,1378:14,,,,,,,,,,,,,,,69,,,,19:58,,,,53.0,31.0,32.0,208.0,50.0,8.0,30.0,230:31,1140:14,32,52.41,14.9,9.0,1.0,0.0,0.0,07:29,37.0,19.0,84.0,1691.0,16:31,00:06,03:20
8471724,Kris Letang,"Letang, Kris",D,649,2010:38,,,,,,,,,,,,,,,78,,,,25:46,,,,58.0,10.0,49.0,214.0,171.0,2.0,22.0,271:33,1628:21,49,0.0,4.7,3.0,2.0,0.0,0.0,110:44,122.0,20.0,68.0,2147.0,20:52,01:25,03:28
8473507,Jeff Petry,"Petry, Jeff",D,448,1504:00,,,,,,,,,,,,,,,68,,,,22:07,,,,21.0,6.0,36.0,124.0,140.0,0.0,3.0,116:59,1229:01,36,0.0,4.8,1.0,0.0,0.0,1.0,158:00,117.0,-11.0,27.0,1669.0,18:04,02:19,01:43
8474682,Dustin Tokarski,"Tokarski, Dustin",G,0,1671:26,5.0,1.0,0.0,10.0,12.0,809.0,95.0,27.0,687.0,29.0,758.0,113.0,0.899,3.2667,29,28.0,900.0,91.0,57:38,84.070796460177,93.10344827586206,90.63324538258574,,,,,,,,,,,,,,,,,,,,,,,,
8475208,Brian Dumoulin,"Dumoulin, Brian",D,360,1658:10,,,,,,,,,,,,,,,76,,,,21:49,,,,15.0,3.0,24.0,91.0,88.0,0.0,0.0,05:32,1472:18,24,0.0,3.3,0.0,0.0,0.0,0.0,180:20,139.0,24.0,18.0,2040.0,19:22,02:22,00:04
8475722,Jason Zucker,"Zucker, Jason",LW,222,607:38,,,,,,,,,,,,,,,41,,,,14:49,,,,9.0,8.0,15.0,102.0,66.0,2.0,2.0,61:58,545:08,15,26.66,7.8,0.0,0.0,0.0,0.0,00:32,20.0,-2.0,17.0,739.0,13:17,00:00,01:30
8475810,Bryan Rust,"Rust, Bryan",RW,341,1126:13,,,,,,,,,,,,,,,60,,,,18:46,,,,34.0,24.0,14.0,180.0,43.0,9.0,21.0,206:28,873:41,14,16.66,13.3,1.0,0.0,0.0,0.0,46:04,24.0,7.0,58.0,1395.0,14:33,00:46,03:26
8476326,Josh Archibald,"Archibald, Josh",RW,41,72:20,,,,,,,,,,,,,,,8,,,,09:02,,,,1.0,0.0,7.0,4.0,27.0,0.0,0.0,00:45,59:55,7,50.0,0.0,0.0,0.0,0.0,0.0,11:40,2.0,-2.0,1.0,110.0,07:29,01:27,00:05
8478415,Jakub Zboril,"Zboril, Jakub",D,54,157:15,,,,,,,,,,,,,,,10,,,,15:43,,,,3.0,0.0,4.0,13.0,24.0,0.0,0.0,00:41,150:09,4,0.0,0.0,0.0,0.0,0.0,0.0,06:25,10.0,1.0,3.0,212.0,15:00,00:38,00:04
8470638,Patrice Bergeron,"Bergeron, Patrice",C,540,1326:25,,,,,,,,,,,,,,,73,,,,18:10,,,,40.0,25.0,32.0,293.0,78.0,8.0,23.0,221:36,982:28,32,61.93,8.5,4.0,0.0,0.0,3.0,122:21,45.0,26.0,65.0,1682.0,13:27,01:40,03:02
8476876,Malcolm Subban,"Subban, Malcolm",G,0,210:28,1.0,0.0,0.0,0.0,2.0,115.0,11.0,4.0,100.0,5.0,113.0,14.0,0.871,4.8464,4,3.0,132.0,17.0,52:37,78.57142857142857,80.0,88.49557522123894,,,,,,,,,,,,,,,,,,,,,,,,
8477494,Jonathan Drouin,"Drouin, Jonathan",LW,147,581:13,,,,,,,,,,,,,,,34,,,,17:05,,,,14.0,6.0,23.0,62.0,27.0,0.0,4.0,80:28,490:03,23,46.97,9.7,0.0,0.0,0.0,0.0,10:42,11.0,-9.0,20.0,750.0,14:24,00:18,02:22
8477497,Sean Monahan,"Monahan, Sean",C,256,914:10,,,,,,,,,,,,,,,65,,,,14:03,,,,15.0,8.0,24.0,111.0,59.0,5.0,13.0,147:12,762:02,24,53.14,7.2,2.0,0.0,0.0,0.0,04:56,24.0,-15.0,23.0,1256.0,11:43,00:04,02:15
8471679,Carey Price,"Price, Carey",G,0,297:30,0.0,0.0,0.0,1.0,4.0,130.0,21.0,1.0,108.0,2.0,123.0,23.0,0.878,3.6303,5,5.0,148.0,18.0,59:30,91.30434782608695,50.0,87.8048780487805,,,,,,,,,,,,,,,,,,,,,,,,
8474038,Paul Byron,"Byron, Paul",LW,117,340:13,,,,,,,,,,,,,,,27,,,,12:36,,,,3.0,4.0,2.0,33.0,66.0,0.0,0.0,07:56,293:55,2,47.82,12.1,2.0,0.0,0.0,0.0,38:22,7.0,-8.0,7.0,491.0,10:53,01:25,00:17
8474149,Evgenii Dadonov,"Dadonov, Evgenii",RW,340,1234:08,,,,,,,,,,,,,,,78,,,,15:49,,,,23.0,20.0,18.0,177.0,65.0,5.0,8.0,186:34,1047:22,18,20.0,11.3,4.0,2.0,0.0,0.0,00:12,25.0,4.0,43.0,1556.0,13:25,00:00,02:23
8474596,Jake Allen,"Allen, Jake",G,0,1947:40,4.0,2.0,0.0,9.0,20.0,1016.0,154.0,18.0,844.0,21.0,922.0,180.0,0.905,3.2963,35,35.0,1123.0,107.0,55:38,85.55555555555556,85.71428571428571,91.54013015184381,,,,,,,,,,,,,,,,,,,,,,,,
8474884,Mike Hoffman,"Hoffman, Mike",LW,293,1141:49,,,,,,,,,,,,,,,67,,,,17:02,,,,20.0,15.0,32.0,154.0,27.0,4.0,13.0,180:48,959:50,32,60.0,9.7,3.0,0.0,0.0,0.0,01:11,29.0,-24.0,35.0,1368.0,14:19,00:01,02:41
8475227,Chris Wideman,"Wideman, Chris",D,273,952:04,,,,,,,,,,,,,,,64,,,,14:52,,,,23.0,4.0,67.0,76.0,44.0,0.0,12.0,158:57,790:02,67,0.0,5.3,1.0,0.0,0.0,0.0,03:05,46.0,-25.0,27.0,1232.0,12:20,00:02,02:29
8475233,David Savard,"Savard, David",D,380,1289:01,,,,,,,,,,,,,,,62,,,,20:47,,,,14.0,3.0,36.0,66.0,134.0,0.0,0.0,03:41,1111:37,36,0.0,4.5,0.0,0.0,0.0,1.0,173:43,127.0,-22.0,17.0,1434.0,17:55,02:48,00:03
8475848,Brendan Gallagher,"Gallagher, Brendan",RW,325,841:02,,,,,,,,,,,,,,,56,,,,15:01,,,,17.0,7.0,69.0,142.0,54.0,5.0,7.0,133:09,705:41,69,37.14,4.9,0.0,0.0,0.0,0.0,02:12,29.0,-7.0,24.0,1137.0,12:36,00:02,02:22
8475968,Alex Belzile,"Belzile, Alex",RW,39,114:19,,,,,,,,,,,,,,,11,,,,10:23,,,,0.0,0.0,4.0,13.0,17.0,0.0,0.0,10:07,99:09,4,36.84,0.0,0.0,0.0,0.0,0.0,05:03,5.0,0.0,0.0,172.0,09:00,00:27,00:55
8476441,Joel Edmundson,"Edmundson, Joel",D,179,470:00,,,,,,,,,,,,,,,24,,,,19:35,,,,3.0,3.0,35.0,32.0,61.0,0.0,0.0,01:53,409:47,35,0.0,9.4,0.0,0.0,0.0,0.0,58:20,45.0,-1.0,6.0,560.0,17:04,02:25,00:04
8476469,Joel Armia,"Armia, Joel",RW,265,823:18,,,,,,,,,,,,,,,60,,,,13:43,,,,8.0,6.0,14.0,103.0,104.0,1.0,3.0,47:55,690:23,14,17.64,5.8,0.0,0.0,1.0,1.0,85:00,27.0,-15.0,14.0,1151.0,11:30,01:25,00:47
8476875,Mike Matheson,"Matheson, Mike",D,389,1391:08,,,,,,,,,,,,,,,74,,,,18:47,,,,20.0,11.0,33.0,140.0,97.0,0.0,2.0,52:33,1320:52,33,0.0,7.9,5.0,0.0,0.0,0.0,17:43,81.0,12.0,31.0,1716.0,17:50,00:14,00:42
8476981,Josh Anderson,"Anderson, Josh",RW,440,1188:33,,,,,,,,,,,,,,,69,,,,17:13,,,,13.0,19.0,65.0,151.0,153.0,2.0,3.0,146:19,1039:23,65,47.61,12.6,1.0,0.0,0.0,0.0,02:51,35.0,-25.0,32.0,1442.0,15:03,00:02,02:07
8477474,Madison Bowey,"Bowey, Madison",D,6,31:28,,,,,,,,,,,,,,,2,,,,15:44,,,,0.0,0.0,0.0,0.0,4.0,0.0,0.0,00:00,26:53,0,0.0,0.0,0.0,0.0,0.0,0.0,04:35,2.0,-3.0,0.0,46.0,13:26,02:17,00:00
8477989,Christian Dvorak,"Dvorak, Christian",C,234,972:53,,,,,,,,,,,,,,,56,,,,17:22,,,,22.0,11.0,24.0,87.0,32.0,1.0,5.0,138:02,742:42,24,56.67,12.6,1.0,0.0,0.0,0.0,92:09,52.0,-19.0,33.0,1290.0,13:15,01:38,02:27
8478133,Jake Evans,"Evans, Jake",C,300,1122:58,,,,,,,,,,,,,,,72,,,,15:35,,,,16.0,13.0,22.0,124.0,88.0,0.0,0.0,22:50,961:18,22,49.78,10.5,0.0,0.0,0.0,1.0,138:50,37.0,-5.0,29.0,1581.0,13:21,01:55,00:19
8478470,Sam Montembeault,"Montembeault, Sam",G,0,1942:49,6.0,1.0,0.0,8.0,18.0,1002.0,160.0,24.0,818.0,31.0,905.0,188.0,0.891,3.7677,38,30.0,1124.0,122.0,51:07,85.1063829787234,77.41935483870968,90.38674033149171,,,,,,,,,,,,,,,,,,,,,,,,
8479514,Rem Pitlick,"Pitlick, Rem",C,181,988:52,,,,,,,,,,,,,,,66,,,,14:58,,,,22.0,15.0,24.0,65.0,25.0,0.0,1.0,93:44,847:13,24,44.91,23.1,1.0,0.0,1.0,1.0,47:55,28.0,-8.0,37.0,1198.0,12:50,00:43,01:25
8479543,Michael Pezzetta,"Pezzetta, Michael",LW,305,399:38,,,,,,,,,,,,,,,51,,,,07:50,,,,6.0,5.0,81.0,49.0,156.0,0.0,0.0,05:46,393:43,81,54.54,10.2,0.0,0.0,0.0,0.0,00:09,8.0,-7.0,11.0,596.0,07:43,00:00,00:06
8480018,Nick Suzuki,"Suzuki, Nick",C,452,1681:50,,,,,,,,,,,,,,,82,,,,20:30,,,,40.0,21.0,30.0,186.0,89.0,8.0,20.0,253:26,1305:04,30,49.57,11.3,4.0,0.0,1.0,3.0,123:20,62.0,-29.0,61.0,1978.0,15:54,01:30,03:05
8473512,Claude Giroux,"Giroux, Claude",RW,403,1430:15,,,,,,,,,,,,,,,75,,,,19:04,,,,44.0,21.0,26.0,205.0,68.0,5.0,23.0,241:39,1127:05,26,60.28,10.2,0.0,0.0,0.0,0.0,61:31,16.0,-5.0,65.0,1864.0,15:01,00:49,03:13
8474207,Nick Holden,"Holden, Nick",D,334,1508:30,,,,,,,,,,,,,,,76,,,,19:50,,,,14.0,5.0,12.0,75.0,115.0,0.0,0.0,05:21,1260:01,12,0.0,6.7,1.0,0.0,0.0,0.0,243:08,112.0,0.0,19.0,1915.0,16:34,03:11,00:04
8474612,Travis Hamonic,"Hamonic, Travis",D,272,810:22,,,,,,,,,,,,,,,43,,,,18:50,,,,6.0,4.0,14.0,82.0,73.0,0.0,0.0,02:17,726:20,14,0.0,4.9,0.0,0.0,0.0,0.0,81:45,93.0,6.0,10.0,1002.0,16:53,01:54,00:03
8475660,Cam Talbot,"Talbot, Cam",G,0,2864:23,4.0,3.0,0.0,32.0,12.0,1356.0,204.0,47.0,1105.0,49.0,1202.0,237.0,0.911,2.765,49,48.0,1488.0,132.0,58:27,86.07594936708861,95.91836734693877,91.93011647254575,,,,,,,,,,,,,,,,,,,,,,,,
8475766,Austin Watson,"Watson, Austin",LW,472,803:26,,,,,,,,,,,,,,,67,,,,11:59,,,,6.0,10.0,91.0,88.0,213.0,0.0,0.0,03:10,703:31,91,35.0,11.4,1.0,0.0,1.0,1.0,96:45,63.0,-3.0,16.0,1233.0,10:30,01:26,00:02
8476341,Anton Forsberg,"Forsberg, Anton",G,0,2571:27,4.0,1.0,0.0,22.0,17.0,1336.0,223.0,29.0,1084.0,30.0,1183.0,244.0,0.917,2.8233,46,44.0,1457.0,121.0,55:54,91.39344262295081,96.66666666666667,91.63144547759933,,,,,,,,,,,,,,,,,,,,,,,,
8477312,Antoine Bibeau,"Bibeau, Antoine",G,0,00:00,0.0,0.0,0.0,0.0,0.0,0.0,0.0,0.0,0.0,0.0,0.0,0.0,0.0,,0,0.0,0.0,0.0,,,,,,,,,,,,,,,,,,,,,,,,,,,,
8477353,Tyler Motte,"Motte, Tyler",LW,314,812:39,,,,,,,,,,,,,,,58,,,,14:00,,,,8.0,7.0,22.0,101.0,117.0,0.0,0.0,06:49,699:47,22,57.89,6.9,1.0,0.0,1.0,1.0,106:03,58.0,2.0,15.0,1131.0,12:03,01:49,00:07
8477471,Dillon Heatherington,"Heatherington, Dillon",D,31,111:00,,,,,,,,,,,,,,,9,,,,12:20,,,,0.0,0.0,7.0,4.0,18.0,0.0,0.0,00:00,95:43,7,0.0,0.0,0.0,0.0,0.0,0.0,15:17,2.0,-1.0,0.0,153.0,10:38,01:41,00:00
8476899,Matt Murray,"Murray, Matt",G,0,1181:31,2.0,1.0,0.0,5.0,12.0,580.0,93.0,16.0,471.0,18.0,516.0,106.0,0.906,3.0469,20,20.0,640.0,60.0,59:04,87.73584905660378,88.88888888888889,91.27906976744185,,,,,,,,,,,,,,,,,,,,,,,,
8480873,Rasmus Sandin,"Sandin, Rasmus",D,199,864:56,,,,,,,,,,,,,,,51,,,,16:57,,,,11.0,5.0,4.0,46.0,88.0,0.0,3.0,68:50,793:17,4,0.0,10.9,3.0,0.0,0.0,0.0,02:49,39.0,9.0,16.0,1087.0,15:33,00:03,01:20
8470966,Mark Giordano,"Giordano, Mark",D,470,1566:00,,,,,,,,,,,,,,,75,,,,20:52,,,,27.0,8.0,57.0,151.0,75.0,0.0,12.0,184:29,1261:33,57,0.0,5.3,1.0,1.0,2.0,2.0,119:58,139.0,-9.0,35.0,1930.0,16:49,01:35,02:27
8474162,Jake Muzzin,"Muzzin, Jake",D,270,974:12,,,,,,,,,,,,,,,47,,,,20:43,,,,11.0,3.0,16.0,75.0,105.0,0.0,0.0,11:34,840:11,16,0.0,4.0,0.0,0.0,0.0,1.0,122:27,60.0,-6.0,14.0,1244.0,17:52,02:36,00:14
8474190,Wayne Simmonds,"Simmonds, Wayne",RW,353,671:47,,,,,,,,,,,,,,,72,,,,09:19,,,,11.0,5.0,96.0,79.0,148.0,0.0,1.0,15:42,655:29,96,50.0,6.3,2.0,0.0,0.0,0.0,00:36,11.0,-7.0,16.0,987.0,09:06,00:00,00:13
8474673,TJ Brodie,"Brodie, TJ",D,290,1747:32,,,,,,,,,,,,,,,82,,,,21:18,,,,24.0,4.0,34.0,68.0,53.0,0.0,1.0,14:32,1546:14,34,0.0,5.9,0.0,0.0,0.0,2.0,186:46,106.0,20.0,28.0,2188.0,18:51,02:16,00:10
8474818,Jordie Benn,"Benn, Jordie",D,147,584:12,,,,,,,,,,,,,,,39,,,,14:58,,,,7.0,1.0,10.0,37.0,51.0,0.0,0.0,01:39,548:57,10,0.0,2.7,0.0,0.0,0.0,0.0,33:36,41.0,1.0,8.0,761.0,14:04,00:51,00:02
8475160,Kyle Clifford,"Clifford, Kyle",LW,119,219:56,,,,,,,,,,,,,,,25,,,,08:47,,,,3.0,1.0,31.0,29.0,50.0,0.0,0.0,00:18,215:09,31,42.85,3.4,0.0,0.0,0.0,0.0,04:29,5.0,-5.0,4.0,325.0,08:36,00:10,00:00
8475166,John Tavares,"Tavares, John",C,508,1427:51,,,,,,,,,,,,,,,79,,,,18:04,,,,49.0,27.0,32.0,237.0,90.0,10.0,26.0,236:44,1189:44,32,60.58,11.4,3.0,0.0,0.0,0.0,01:23,44.0,-8.0,76.0,1672.0,15:03,00:01,02:59
8475714,Calle Jarnkrok,"Jarnkrok, Calle",C,199,1058:29,,,,,,,,,,,,,,,66,,,,16:02,,,,18.0,12.0,6.0,101.0,38.0,2.0,6.0,126:02,859:47,6,51.17,11.9,1.0,0.0,0.0,0.0,72:40,17.0,-14.0,30.0,1472.0,13:01,01:06,01:54
8475718,Justin Holl,"Holl, Justin",D,362,1394:22,,,,,,,,,,,,,,,69,,,,20:12,,,,20.0,3.0,41.0,64.0,129.0,0.0,0.0,04:54,1219:18,41,0.0,4.7,1.0,0.0,1.0,3.0,170:10,104.0,14.0,23.0,1764.0,17:40,02:27,00:04
8476853,Morgan Rielly,"Rielly, Morgan",D,534,1946:31,,,,,,,,,,,,,,,82,,,,23:44,,,,58.0,10.0,40.0,221.0,92.0,2.0,23.0,237:29,1570:26,40,0.0,4.5,3.0,0.0,0.0,3.0,138:36,87.0,16.0,68.0,2242.0,19:09,01:41,02:53
8477021,Alexander Kerfoot,"Kerfoot, Alexander",C,330,1247:36,,,,,,,,,,,,,,,82,,,,15:12,,,,38.0,13.0,20.0,117.0,75.0,0.0,1.0,09:10,1096:45,20,42.69,11.1,1.0,0.0,0.0,3.0,141:41,65.0,19.0,51.0,1689.0,13:22,01:43,00:06
8477472,Carl Dahlstrom,"Dahlstrom, Carl",D,11,40:57,,,,,,,,,,,,,,,3,,,,13:39,,,,2.0,0.0,2.0,4.0,1.0,0.0,0.0,00:00,38:26,2,0.0,0.0,0.0,0.0,0.0,0.0,02:31,2.0,2.0,2.0,60.0,12:48,00:50,00:00
8477939,William Nylander,"Nylander, William",RW,439,1480:03,,,,,,,,,,,,,,,81,,,,18:16,,,,46.0,34.0,16.0,256.0,19.0,13.0,31.0,244:33,1210:54,16,52.3,13.3,7.0,2.0,0.0,0.0,24:36,30.0,-9.0,80.0,1774.0,14:56,00:18,03:01
8477979,Nicolas Aube-Kubel,"Aube-Kubel, Nicolas",RW,317,726:24,,,,,,,,,,,,,,,74,,,,09:48,,,,12.0,11.0,47.0,87.0,140.0,0.0,0.0,02:12,721:39,47,25.0,12.6,2.0,0.0,0.0,0.0,02:33,18.0,11.0,23.0,1031.0,09:45,00:02,00:01
8478047,Michael Bunting,"Bunting, Michael",LW,431,1227:51,,,,,,,,,,,,,,,79,,,,15:32,,,,40.0,23.0,80.0,175.0,85.0,2.0,5.0,101:44,1124:54,80,50.0,13.1,2.0,0.0,0.0,0.0,01:13,21.0,27.0,63.0,1560.0,14:14,00:00,01:17
8478115,Pierre Engvall,"Engvall, Pierre",LW,303,1035:46,,,,,,,,,,,,,,,78,,,,13:16,,,,20.0,15.0,30.0,154.0,66.0,1.0,3.0,44:39,916:32,30,42.02,9.7,3.0,0.0,2.0,3.0,74:35,12.0,13.0,35.0,1475.0,11:45,00:57,00:34
8478483,Mitchell Marner,"Marner, Mitchell",RW,473,1503:34,,,,,,,,,,,,,,,72,,,,20:52,,,,62.0,35.0,16.0,224.0,75.0,6.0,25.0,223:39,1136:12,16,55.55,15.6,5.0,1.0,3.0,4.0,143:43,31.0,23.0,97.0,1744.0,15:46,01:59,03:06
8478492,Ilya Samsonov,"Samsonov, Ilya",G,0,2361:18,5.0,3.0,0.0,23.0,12.0,1026.0,118.0,37.0,871.0,41.0,966.0,138.0,0.896,3.0238,44,39.0,1145.0,119.0,53:39,85.5072463768116,90.2439024390244,90.1656314699793,,,,,,,,,,,,,,,,,,,,,,,,
8470613,Brent Burns,"Burns, Brent",D,522,2144:02,,,,,,,,,,,,,,,82,,,,26:08,,,,44.0,10.0,42.0,203.0,55.0,4.0,18.0,217:43,1703:03,42,0.0,4.9,0.0,0.0,0.0,1.0,223:16,150.0,-15.0,54.0,2441.0,20:46,02:43,02:39
8471669,Paul Stastny,"Stastny, Paul",C,264,1262:36,,,,,,,,,,,,,,,71,,,,17:46,,,,24.0,21.0,14.0,141.0,27.0,4.0,8.0,123:25,1044:49,14,56.56,14.9,2.0,0.0,0.0,0.0,94:22,27.0,14.0,45.0,1569.0,14:42,01:19,01:44
8473533,Jordan Staal,"Staal, Jordan",C,445,1297:18,,,,,,,,,,,,,,,78,,,,16:37,,,,19.0,17.0,18.0,146.0,212.0,1.0,2.0,55:02,1069:36,18,57.27,11.6,2.0,0.0,0.0,0.0,172:40,29.0,11.0,36.0,1804.0,13:42,02:12,00:42
8474157,Max Pacioretty,"Pacioretty, Max",LW,285,677:46,,,,,,,,,,,,,,,39,,,,17:22,,,,18.0,19.0,33.0,148.0,30.0,4.0,12.0,105:02,572:21,33,22.22,12.8,4.0,0.0,0.0,0.0,00:23,21.0,8.0,37.0,794.0,14:40,00:00,02:41
8475855,Jesper Fast,"Fast, Jesper",RW,283,1214:28,,,,,,,,,,,,,,,82,,,,14:48,,,,20.0,14.0,4.0,97.0,109.0,1.0,2.0,22:54,1061:42,4,41.37,14.4,1.0,0.0,0.0,1.0,129:52,36.0,24.0,34.0,1686.0,12:56,01:35,00:16
8475883,Frederik Andersen,"Andersen, Frederik",G,0,3070:53,3.0,4.0,0.0,35.0,14.0,1320.0,166.0,47.0,1107.0,48.0,1199.0,184.0,0.922,2.1688,52,51.0,1431.0,111.0,59:03,90.21739130434783,97.91666666666666,92.32693911592995,,,,,,,,,,,,,,,,,,,,,,,,
8476288,Ryan Dzingel,"Dzingel, Ryan",C,105,438:46,,,,,,,,,,,,,,,32,,,,13:42,,,,3.0,5.0,35.0,32.0,20.0,0.0,0.0,21:06,406:20,35,42.48,15.6,1.0,0.0,0.0,0.0,11:20,9.0,-5.0,8.0,615.0,12:41,00:21,00:39
8476474,Stefan Noesen,"Noesen, Stefan",RW,9,28:39,,,,,,,,,,,,,,,2,,,,14:19,,,,0.0,0.0,0.0,4.0,5.0,0.0,0.0,02:22,26:17,0,0.0,0.0,0.0,0.0,0.0,0.0,00:00,0.0,1.0,0.0,39.0,13:08,00:00,01:11
8476869,Brady Skjei,"Skjei, Brady",D,439,1733:40,,,,,,,,,,,,,,,82,,,,21:08,,,,30.0,9.0,48.0,184.0,95.0,0.0,0.0,10:07,1519:56,48,0.0,4.9,0.0,0.0,0.0,0.0,203:37,73.0,22.0,39.0,2116.0,18:32,02:28,00:07
8476882,Teuvo Teravainen,"Teravainen, Teuvo",LW,369,1362:52,,,,,,,,,,,,,,,77,,,,17:41,,,,43.0,22.0,24.0,202.0,15.0,9.0,31.0,226:33,1013:37,24,54.54,10.9,2.0,0.0,2.0,3.0,122:42,30.0,22.0,65.0,1699.0,13:09,01:35,02:56
8476907,Mackenzie MacEachern,"MacEachern, Mackenzie",LW,40,111:34,,,,,,,,,,,,,,,14,,,,07:58,,,,2.0,0.0,4.0,14.0,19.0,0.0,0.0,00:05,111:29,4,0.0,0.0,0.0,0.0,0.0,0.0,00:00,1.0,-1.0,2.0,158.0,07:57,00:00,00:00
8476921,Jordan Martinook,"Martinook, Jordan",LW,210,660:51,,,,,,,,,,,,,,,59,,,,11:12,,,,9.0,6.0,22.0,77.0,83.0,0.0,0.0,01:26,629:11,22,45.09,7.8,2.0,0.0,0.0,0.0,30:14,11.0,1.0,15.0,918.0,10:39,00:30,00:01
8476958,Jaccob Slavin,"Slavin, Jaccob",D,395,1858:52,,,,,,,,,,,,,,,79,,,,23:31,,,,38.0,4.0,10.0,165.0,50.0,1.0,7.0,107:55,1495:57,10,0.0,2.4,0.0,0.0,0.0,2.0,255:00,121.0,35.0,42.0,2072.0,18:56,03:13,01:21
8477293,Antti Raanta,"Raanta, Antti",G,0,1516:38,4.0,2.0,0.0,15.0,5.0,644.0,72.0,13.0,559.0,15.0,608.0,83.0,0.912,2.4528,28,26.0,706.0,62.0,54:09,86.74698795180723,86.66666666666667,91.94078947368422,,,,,,,,,,,,,,,,,,,,,,,,
8477488,Brett Pesce,"Pesce, Brett",D,359,1519:03,,,,,,,,,,,,,,,70,,,,21:42,,,,21.0,7.0,39.0,148.0,39.0,1.0,3.0,31:26,1291:27,39,0.0,4.7,3.0,1.0,0.0,0.0,196:10,99.0,5.0,28.0,1771.0,18:26,02:48,00:26
8478021,William Lagesson,"Lagesson, William",D,111,415:09,,,,,,,,,,,,,,,33,,,,12:34,,,,5.0,0.0,13.0,33.0,40.0,0.0,0.0,00:38,384:31,13,0.0,0.0,0.0,0.0,0.0,0.0,30:00,20.0,3.0,5.0,543.0,11:39,00:54,00:01
8478131,Ondrej Kase,"Kase, Ondrej",RW,231,699:22,,,,,,,,,,,,,,,50,,,,13:59,,,,13.0,14.0,14.0,119.0,29.0,4.0,8.0,44:00,592:11,14,18.18,11.8,2.0,0.0,1.0,1.0,63:11,32.0,4.0,27.0,969.0,11:50,01:15,00:52
8478427,Sebastian Aho,"Aho, Sebastian",C,476,1497:21,,,,,,,,,,,,,,,79,,,,18:57,,,,44.0,37.0,38.0,221.0,76.0,13.0,28.0,234:22,1112:52,38,52.4,16.7,9.0,2.0,1.0,3.0,150:07,23.0,18.0,81.0,1819.0,14:05,01:54,02:58
8478451,Ethan Bear,"Bear, Ethan",D,230,932:39,,,,,,,,,,,,,,,58,,,,16:04,,,,9.0,5.0,20.0,97.0,55.0,0.0,1.0,33:31,845:57,20,0.0,5.2,2.0,0.0,0.0,0.0,53:11,41.0,1.0,14.0,1214.0,14:35,00:55,00:34
8478967,Lane Pederson,"Pederson, Lane",C,100,305:02,,,,,,,,,,,,,,,29,,,,10:31,,,,2.0,0.0,10.0,24.0,54.0,0.0,0.0,17:05,285:57,10,43.75,0.0,0.0,0.0,0.0,0.0,02:00,10.0,-16.0,2.0,418.0,09:51,00:04,00:35
8478970,Jalen Chatfield,"Chatfield, Jalen",D,78,236:37,,,,,,,,,,,,,,,16,,,,14:47,,,,3.0,0.0,8.0,25.0,32.0,0.0,0.0,00:10,230:28,8,0.0,0.0,0.0,0.0,0.0,0.0,05:59,10.0,1.0,3.0,327.0,14:24,00:22,00:00
8471686,Marc Staal,"Staal, Marc",D,290,1236:58,,,,,,,,,,,,,,,71,,,,17:25,,,,13.0,3.0,28.0,76.0,94.0,0.0,0.0,01:49,1077:24,28,0.0,3.9,1.0,0.0,0.0,0.0,157:45,75.0,-1.0,16.0,1590.0,15:10,02:13,00:01
8471887,Patric Hornqvist,"Hornqvist, Patric",RW,354,823:34,,,,,,,,,,,,,,,65,,,,12:40,,,,17.0,11.0,19.0,165.0,112.0,3.0,7.0,137:27,686:01,19,38.09,6.7,0.0,0.0,0.0,0.0,00:06,23.0,-5.0,28.0,1097.0,10:33,00:00,02:06
8474584,Michael Del Zotto,"Del, Michael",D,130,474:40,,,,,,,,,,,,,,,26,,,,18:15,,,,10.0,3.0,4.0,35.0,42.0,1.0,2.0,36:12,426:24,4,0.0,8.6,0.0,0.0,0.0,0.0,12:04,34.0,-4.0,13.0,616.0,16:24,00:27,01:23
8474610,Zac Dalpe,"Dalpe, Zac",C,3,06:08,,,,,,,,,,,,,,,1,,,,06:08,,,,0.0,0.0,0.0,0.0,2.0,0.0,0.0,00:00,06:08,0,25.0,0.0,0.0,0.0,0.0,0.0,00:00,1.0,-1.0,0.0,8.0,06:08,00:00,00:00
8475462,Radko Gudas,"Gudas, Radko",D,694,1387:12,,,,,,,,,,,,,,,77,,,,18:00,,,,13.0,3.0,105.0,100.0,355.0,0.0,0.0,02:46,1223:40,105,0.0,3.0,0.0,0.0,1.0,1.0,160:46,118.0,27.0,16.0,1961.0,15:53,02:05,00:02
8475683,Sergei Bobrovsky,"Bobrovsky, Sergei",G,0,3082:10,3.0,3.0,0.0,39.0,7.0,1429.0,231.0,42.0,1156.0,47.0,1262.0,257.0,0.913,2.667,54,53.0,1566.0,137.0,57:04,89.88326848249028,89.36170212765957,91.60063391442155,,,,,,,,,,,,,,,,,,,,,,,,
8470621,Corey Perry,"Perry, Corey",RW,372,1108:02,,,,,,,,,,,,,,,82,,,,13:30,,,,21.0,19.0,66.0,153.0,73.0,6.0,8.0,141:23,965:51,66,50.0,12.4,4.0,0.0,0.0,0.0,00:48,28.0,9.0,40.0,1412.0,11:46,00:00,01:43
8470880,Brian Elliott,"Elliott, Brian",G,0,1063:25,3.0,1.0,0.0,11.0,4.0,446.0,72.0,11.0,363.0,12.0,395.0,82.0,0.912,2.4261,19,17.0,489.0,43.0,55:58,87.8048780487805,91.66666666666666,91.89873417721519,,,,,,,,,,,,,,,,,,,,,,,,
8473986,Alex Killorn,"Killorn, Alex",LW,419,1532:44,,,,,,,,,,,,,,,82,,,,18:41,,,,34.0,25.0,66.0,164.0,88.0,6.0,14.0,263:39,1125:21,66,16.66,15.2,2.0,0.0,0.0,0.0,143:44,26.0,1.0,59.0,1890.0,13:43,01:45,03:12
8474013,Ian Cole,"Cole, Ian",D,394,1286:24,,,,,,,,,,,,,,,75,,,,17:09,,,,17.0,2.0,83.0,77.0,110.0,0.0,0.0,02:27,1096:43,83,0.0,2.6,1.0,0.0,0.0,1.0,187:14,104.0,15.0,19.0,1618.0,14:37,02:29,00:01
8474034,Pat Maroon,"Maroon, Pat",LW,440,1004:05,,,,,,,,,,,,,,,81,,,,12:23,,,,16.0,11.0,134.0,102.0,160.0,3.0,6.0,105:00,898:50,134,50.0,10.8,0.0,0.0,0.0,0.0,00:15,11.0,20.0,27.0,1293.0,11:05,00:00,01:17
8474564,Steven Stamkos,"Stamkos, Steven",C,554,1497:08,,,,,,,,,,,,,,,81,,,,18:28,,,,64.0,42.0,36.0,241.0,93.0,16.0,36.0,300:16,1165:10,36,51.03,17.4,11.0,3.0,0.0,0.0,31:42,31.0,24.0,106.0,1788.0,14:23,00:23,03:42
8474567,Zach Bogosian,"Bogosian, Zach",D,270,737:24,,,,,,,,,,,,,,,48,,,,15:21,,,,5.0,3.0,53.0,60.0,114.0,0.0,0.0,00:23,717:49,53,0.0,5.0,1.0,0.0,0.0,0.0,19:12,34.0,2.0,8.0,887.0,14:57,00:24,00:00
8475167,Victor Hedman,"Hedman, Victor",D,606,2056:12,,,,,,,,,,,,,,,82,,,,25:04,,,,65.0,20.0,36.0,219.0,93.0,6.0,38.0,293:54,1596:44,36,0.0,9.1,6.0,1.0,0.0,0.0,165:34,129.0,26.0,85.0,2214.0,19:28,02:01,03:35
8476453,Nikita Kucherov,"Kucherov, Nikita",RW,317,939:12,,,,,,,,,,,,,,,47,,,,19:58,,,,44.0,25.0,22.0,156.0,32.0,9.0,30.0,182:47,755:16,22,100.0,16.0,1.0,0.0,0.0,0.0,01:09,7.0,1.0,69.0,1009.0,16:04,00:01,03:53
8476480,Vladislav Namestnikov,"Namestnikov, Vladislav",C,269,1098:42,,,,,,,,,,,,,,,75,,,,14:38,,,,14.0,16.0,45.0,91.0,62.0,0.0,1.0,32:29,961:23,45,45.61,17.6,1.0,0.0,1.0,1.0,104:50,39.0,2.0,30.0,1467.0,12:49,01:23,00:25
8476883,Andrei Vasilevskiy,"Vasilevskiy, Andrei",G,0,3760:45,5.0,2.0,0.0,39.0,18.0,1712.0,235.0,56.0,1421.0,58.0,1537.0,273.0,0.916,2.4889,63,63.0,1868.0,156.0,59:41,86.08058608058609,96.55172413793103,92.45283018867924,,,,,,,,,,,,,,,,,,,,,,,,
8474176,Carl Hagelin,"Hagelin, Carl",LW,150,754:34,,,,,,,,,,,,,,,53,,,,14:14,,,,11.0,3.0,20.0,71.0,32.0,0.0,0.0,01:31,652:38,20,28.57,4.2,1.0,0.0,0.0,1.0,100:25,12.0,10.0,14.0,1081.0,12:18,01:53,00:01
8473563,Nicklas Backstrom,"Backstrom, Nicklas",C,158,822:04,,,,,,,,,,,,,,,47,,,,17:29,,,,25.0,6.0,12.0,68.0,16.0,1.0,14.0,172:35,644:24,12,46.37,8.8,1.0,1.0,0.0,0.0,05:05,16.0,-8.0,31.0,949.0,13:42,00:06,03:40
8471214,Alex Ovechkin,"Ovechkin, Alex",LW,656,1584:02,,,,,,,,,,,,,,,77,,,,20:34,,,,40.0,50.0,18.0,334.0,155.0,16.0,29.0,366:21,1216:50,18,30.76,15.0,5.0,0.0,1.0,1.0,00:51,25.0,8.0,90.0,1680.0,15:48,00:00,04:45
8471698,T.J. Oshie,"Oshie, T.J.",RW,247,767:47,,,,,,,,,,,,,,,44,,,,17:26,,,,14.0,11.0,18.0,77.0,86.0,4.0,10.0,153:19,599:58,18,42.6,14.3,1.0,0.0,0.0,1.0,14:30,30.0,-12.0,25.0,894.0,13:38,00:19,03:29
8474189,Lars Eller,"Eller, Lars",C,322,1160:53,,,,,,,,,,,,,,,72,,,,16:07,,,,18.0,13.0,40.0,116.0,95.0,0.0,2.0,82:31,960:00,40,49.46,11.2,2.0,1.0,0.0,0.0,118:22,36.0,-4.0,31.0,1495.0,13:20,01:38,01:08
8474590,John Carlson,"Carlson, John",D,498,1857:15,,,,,,,,,,,,,,,78,,,,23:48,,,,54.0,17.0,20.0,195.0,73.0,7.0,25.0,310:39,1412:16,20,0.0,8.7,2.0,0.0,0.0,3.0,134:20,112.0,13.0,71.0,2064.0,18:06,01:43,03:58
8475149,Marcus Johansson,"Johansson, Marcus",LW,213,1112:52,,,,,,,,,,,,,,,69,,,,16:07,,,,20.0,9.0,4.0,111.0,31.0,3.0,10.0,170:54,941:06,4,41.83,8.1,2.0,0.0,0.0,0.0,00:52,26.0,-26.0,29.0,1379.0,13:38,00:00,02:28
8475200,Dmitry Orlov,"Orlov, Dmitry",D,432,1593:10,,,,,,,,,,,,,,,76,,,,20:57,,,,23.0,12.0,44.0,127.0,124.0,2.0,4.0,74:06,1462:19,44,0.0,9.4,4.0,1.0,0.0,0.0,56:45,94.0,25.0,35.0,1907.0,19:14,00:44,00:58
8475311,Darcy Kuemper,"Kuemper, Darcy",G,0,3258:45,4.0,5.0,0.0,37.0,12.0,1616.0,242.0,43.0,1331.0,44.0,1435.0,275.0,0.921,2.5409,57,57.0,1754.0,138.0,57:10,88.0,97.72727272727273,92.75261324041811,,,,,,,,,,,,,,,,,,,,,,,,
8475324,Nick Jensen,"Jensen, Nick",D,358,1470:15,,,,,,,,,,,,,,,76,,,,19:20,,,,16.0,5.0,21.0,88.0,135.0,0.0,0.0,03:12,1274:08,21,0.0,5.7,1.0,0.0,0.0,0.0,192:55,92.0,32.0,21.0,1807.0,16:45,02:32,00:02
8475343,Nic Dowd,"Dowd, Nic",C,351,912:49,,,,,,,,,,,,,,,64,,,,14:15,,,,14.0,10.0,44.0,90.0,139.0,0.0,1.0,04:41,783:45,44,53.65,11.1,0.0,0.0,1.0,1.0,124:23,53.0,10.0,24.0,1319.0,12:14,01:56,00:04
8475625,Matt Irwin,"Irwin, Matt",D,96,214:55,,,,,,,,,,,,,,,17,,,,12:38,,,,3.0,1.0,6.0,29.0,36.0,0.0,0.0,00:20,204:54,6,0.0,3.4,0.0,0.0,0.0,0.0,09:41,21.0,0.0,4.0,286.0,12:03,00:34,00:01
8475744,Evgeny Kuznetsov,"Kuznetsov, Evgeny",C,428,1602:09,,,,,,,,,,,,,,,79,,,,20:16,,,,54.0,24.0,44.0,208.0,42.0,8.0,27.0,295:19,1218:13,44,43.48,11.5,4.0,0.0,3.0,5.0,88:37,25.0,7.0,78.0,1836.0,15:25,01:07,03:44
8476880,Tom Wilson,"Wilson, Tom",RW,611,1449:25,,,,,,,,,,,,,,,78,,,,18:34,,,,28.0,24.0,98.0,151.0,240.0,4.0,10.0,197:10,1127:06,98,42.3,15.9,5.0,1.0,2.0,3.0,125:09,55.0,13.0,52.0,1755.0,14:27,01:36,02:31
8476979,Erik Gustafsson,"Gustafsson, Erik",D,215,956:52,,,,,,,,,,,,,,,59,,,,16:13,,,,15.0,3.0,14.0,79.0,45.0,0.0,4.0,113:44,838:32,14,0.0,3.8,0.0,0.0,0.0,0.0,04:36,55.0,-4.0,18.0,1189.0,14:12,00:04,01:55
8477015,Connor Brown,"Brown, Connor",RW,230,1283:38,,,,,,,,,,,,,,,64,,,,20:03,,,,29.0,10.0,10.0,121.0,14.0,0.0,9.0,132:34,982:35,10,36.09,8.3,0.0,0.0,1.0,4.0,168:29,37.0,-15.0,39.0,1570.0,15:21,02:37,02:04
8477511,Anthony Mantha,"Mantha, Anthony",RW,185,561:15,,,,,,,,,,,,,,,37,,,,15:10,,,,14.0,9.0,14.0,82.0,46.0,0.0,2.0,69:21,491:24,14,75.0,11.0,0.0,0.0,0.0,0.0,00:30,18.0,4.0,23.0,694.0,13:16,00:00,01:52
8477839,Conor Sheary,"Sheary, Conor",LW,286,1085:18,,,,,,,,,,,,,,,71,,,,15:17,,,,24.0,19.0,14.0,129.0,45.0,2.0,6.0,122:12,934:55,14,40.74,14.7,5.0,0.0,0.0,0.0,28:11,44.0,-2.0,43.0,1364.0,13:10,00:23,01:43
8477845,Trevor van Riemsdyk,"van, Trevor",D,286,1257:42,,,,,,,,,,,,,,,72,,,,17:28,,,,16.0,1.0,40.0,75.0,25.0,0.0,0.0,11:30,1055:28,40,0.0,1.3,0.0,0.0,0.0,1.0,190:44,129.0,-3.0,17.0,1589.0,14:39,02:38,00:09
8477903,Garnet Hathaway,"Hathaway, Garnet",RW,523,1017:34,,,,,,,,,,,,,,,76,,,,13:23,,,,12.0,14.0,57.0,124.0,250.0,0.0,0.0,11:50,917:44,57,35.71,11.3,4.0,0.0,0.0,1.0,88:00,62.0,19.0,26.0,1472.0,12:04,01:09,00:09
8478440,Dylan Strome,"Strome, Dylan",C,264,1203:24,,,,,,,,,,,,,,,69,,,,17:26,,,,26.0,22.0,28.0,126.0,11.0,5.0,16.0,186:35,1015:04,28,52.33,17.5,2.0,0.0,0.0,0.0,01:45,33.0,-6.0,48.0,1402.0,14:42,00:01,02:42
8478506,Gabriel Carlsson,"Carlsson, Gabriel",D,97,466:09,,,,,,,,,,,,,,,38,,,,12:16,,,,7.0,2.0,10.0,18.0,27.0,0.0,0.0,01:03,438:34,10,0.0,11.1,0.0,0.0,0.0,0.0,26:32,33.0,6.0,9.0,651.0,11:32,00:41,00:01
8479292,Charlie Lindgren,"Lindgren, Charlie",G,0,246:25,0.0,0.0,0.0,5.0,0.0,113.0,12.0,3.0,98.0,3.0,103.0,12.0,0.958,1.2175,5,4.0,118.0,5.0,49:17,100.0,100.0,95.14563106796116,,,,,,,,,,,,,,,,,,,,,,,,
8479404,Henrik Borgstrom,"Borgstrom, Henrik",C,116,546:59,,,,,,,,,,,,,,,52,,,,10:31,,,,3.0,4.0,22.0,41.0,26.0,0.0,1.0,33:15,510:07,22,40.19,9.8,0.0,0.0,0.0,0.0,03:37,19.0,-14.0,7.0,799.0,09:48,00:04,00:38
8479536,Axel Jonsson-Fjallby,"Jonsson-Fjallby, Axel",LW,63,257:11,,,,,,,,,,,,,,,23,,,,11:10,,,,2.0,2.0,4.0,29.0,18.0,0.0,0.0,00:52,240:23,4,25.0,6.9,0.0,0.0,0.0,0.0,15:56,8.0,0.0,4.0,379.0,10:27,00:41,00:02
8480796,Martin Fehervary,"Fehervary, Martin",D,509,1552:35,,,,,,,,,,,,,,,79,,,,19:39,,,,9.0,8.0,26.0,96.0,251.0,0.0,0.0,02:38,1409:19,26,0.0,8.3,2.0,0.0,1.0,2.0,140:38,117.0,15.0,17.0,1937.0,17:50,01:46,00:02
8481441,Joe Snively,"Snively, Joe",C,36,138:41,,,,,,,,,,,,,,,12,,,,11:33,,,,3.0,4.0,2.0,21.0,2.0,1.0,1.0,03:38,135:02,2,0.0,19.0,0.0,0.0,0.0,0.0,00:01,3.0,3.0,7.0,178.0,11:15,00:00,00:18
8481580,Connor McMichael,"McMichael, Connor",C,201,711:50,,,,,,,,,,,,,,,68,,,,10:28,,,,9.0,9.0,10.0,105.0,46.0,0.0,0.0,05:55,705:10,10,42.89,8.6,0.0,0.0,0.0,0.0,00:45,22.0,-3.0,18.0,922.0,10:22,00:00,00:05
8482148,Hendrix Lapierre,"Lapierre, Hendrix",C,13,57:32,,,,,,,,,,,,,,,6,,,,09:35,,,,0.0,1.0,2.0,7.0,1.0,0.0,0.0,05:44,51:48,2,26.08,14.3,0.0,0.0,0.0,0.0,00:00,2.0,2.0,1.0,74.0,08:38,00:00,00:57
8476473,Connor Murphy,"Murphy, Connor",D,409,1240:28,,,,,,,,,,,,,,,57,,,,21:45,,,,6.0,4.0,47.0,71.0,130.0,0.0,0.0,03:39,1083:47,47,0.0,5.6,1.0,0.0,0.0,0.0,153:02,150.0,-14.0,10.0,1558.0,19:00,02:41,00:03
8476915,Jujhar Khaira,"Khaira, Jujhar",LW,150,367:12,,,,,,,,,,,,,,,27,,,,13:36,,,,0.0,3.0,13.0,32.0,88.0,0.0,0.0,01:02,316:11,13,52.47,9.4,0.0,0.0,0.0,0.0,49:59,14.0,-4.0,3.0,507.0,11:42,01:51,00:02
8471677,Jack Johnson,"Johnson, Jack",D,267,1239:22,,,,,,,,,,,,,,,74,,,,16:44,,,,8.0,1.0,42.0,57.0,91.0,0.0,0.0,02:42,1086:15,42,0.0,1.8,0.0,0.0,0.0,1.0,150:25,68.0,5.0,9.0,1665.0,14:40,02:01,00:02
8471774,Alex Stalock,"Stalock, Alex",G,0,46:07,0.0,0.0,0.0,0.0,1.0,22.0,2.0,1.0,19.0,1.0,25.0,2.0,0.786,7.8063,1,1.0,28.0,6.0,46:07,100.0,100.0,76.0,,,,,,,,,,,,,,,,,,,,,,,,
8473604,Jonathan Toews,"Toews, Jonathan",C,257,1240:45,,,,,,,,,,,,,,,71,,,,17:28,,,,25.0,12.0,39.0,125.0,25.0,4.0,7.0,192:16,950:47,39,58.98,9.6,2.0,0.0,1.0,1.0,97:42,22.0,-14.0,37.0,1649.0,13:23,01:22,02:42
8474141,Patrick Kane,"Kane, Patrick",RW,467,1702:13,,,,,,,,,,,,,,,78,,,,21:49,,,,66.0,26.0,18.0,287.0,11.0,9.0,31.0,295:26,1404:41,18,50.0,9.1,2.0,0.0,0.0,0.0,02:06,26.0,-19.0,92.0,1798.0,18:00,00:01,03:47
8474870,Tyler Johnson,"Johnson, Tyler",C,95,337:21,,,,,,,,,,,,,,,26,,,,12:58,,,,4.0,3.0,12.0,30.0,37.0,0.0,2.0,58:29,276:32,12,60.78,10.0,0.0,0.0,0.0,0.0,02:20,7.0,-8.0,7.0,444.0,10:38,00:05,02:14
8475852,Petr Mrazek,"Mrazek, Petr",G,0,1042:07,0.0,0.0,0.0,12.0,6.0,462.0,57.0,12.0,393.0,13.0,441.0,66.0,0.888,3.3394,20,18.0,520.0,58.0,52:06,86.36363636363636,92.3076923076923,89.1156462585034,,,,,,,,,,,,,,,,,,,,,,,,
8476278,Colin Blackwell,"Blackwell, Colin",C,227,692:10,,,,,,,,,,,,,,,58,,,,11:56,,,,10.0,10.0,14.0,77.0,91.0,0.0,0.0,19:45,616:36,14,49.11,13.0,1.0,0.0,2.0,2.0,55:49,24.0,0.0,20.0,987.0,10:37,00:57,00:20
8476931,Jake McCabe,"McCabe, Jake",D,468,1523:03,,,,,,,,,,,,,,,75,,,,20:18,,,,18.0,4.0,33.0,80.0,166.0,0.0,0.0,07:09,1325:20,33,0.0,5.0,0.0,0.0,0.0,0.0,190:34,167.0,-27.0,22.0,1923.0,17:40,02:32,00:05
8476960,Andreas Athanasiou,"Athanasiou, Andreas",C,117,426:33,,,,,,,,,,,,,,,28,,,,15:14,,,,6.0,11.0,4.0,71.0,11.0,0.0,1.0,45:15,377:54,4,65.0,15.5,3.0,1.0,0.0,0.0,03:24,10.0,7.0,17.0,547.0,13:29,00:07,01:36
8477210,Buddy Robinson,"Robinson, Buddy",RW,131,295:54,,,,,,,,,,,,,,,32,,,,09:14,,,,5.0,1.0,19.0,38.0,56.0,0.0,0.0,00:18,277:03,19,0.0,2.6,0.0,0.0,0.0,0.0,18:33,12.0,2.0,6.0,436.0,08:39,00:34,00:00
8477495,Seth Jones,"Jones, Seth",D,546,2044:44,,,,,,,,,,,,,,,78,,,,26:12,,,,46.0,5.0,28.0,194.0,99.0,0.0,19.0,264:45,1633:19,28,0.0,2.6,0.0,0.0,0.0,1.0,146:40,155.0,-37.0,51.0,2340.0,20:56,01:52,03:23
8477503,Max Domi,"Domi, Max",C,236,938:33,,,,,,,,,,,,,,,72,,,,13:02,,,,28.0,11.0,55.0,104.0,24.0,0.0,4.0,87:41,850:27,55,45.34,10.6,1.0,0.0,0.0,0.0,00:25,9.0,10.0,39.0,1281.0,11:48,00:00,01:13
8478043,Sam Lafferty,"Lafferty, Sam",C,294,759:59,,,,,,,,,,,,,,,56,,,,13:34,,,,8.0,5.0,37.0,80.0,137.0,0.0,0.0,02:28,649:55,37,41.06,6.3,1.0,0.0,0.0,0.0,107:36,26.0,-16.0,13.0,1053.0,11:36,01:55,00:02
8478106,Dylan Sikura,"Sikura, Dylan",RW,7,49:47,,,,,,,,,,,,,,,5,,,,09:57,,,,1.0,0.0,0.0,3.0,0.0,0.0,0.0,01:42,48:05,0,0.0,0.0,0.0,0.0,0.0,0.0,00:00,3.0,0.0,1.0,71.0,09:37,00:00,00:20
8477952,Robby Fabbri,"Fabbri, Robby",C,302,970:27,,,,,,,,,,,,,,,56,,,,17:19,,,,13.0,17.0,35.0,123.0,86.0,6.0,8.0,154:45,814:59,35,49.54,13.8,1.0,0.0,0.0,0.0,00:43,19.0,-23.0,30.0,1067.0,14:33,00:00,02:45
8474151,Ryan McDonagh,"McDonagh, Ryan",D,361,1593:30,,,,,,,,,,,,,,,71,,,,22:26,,,,22.0,4.0,16.0,85.0,96.0,0.0,1.0,25:44,1336:56,16,0.0,4.7,0.0,0.0,0.0,0.0,230:50,137.0,15.0,26.0,1821.0,18:49,03:15,00:21
8474600,Roman Josi,"Josi, Roman",D,661,2044:21,,,,,,,,,,,,,,,80,,,,25:33,,,,73.0,23.0,46.0,281.0,66.0,11.0,37.0,270:43,1716:58,46,0.0,8.2,2.0,0.0,0.0,0.0,56:40,133.0,13.0,96.0,2206.0,21:27,00:42,03:23
8474697,Mark Borowiecki,"Borowiecki, Mark",D,475,747:15,,,,,,,,,,,,,,,57,,,,13:06,,,,4.0,0.0,151.0,45.0,196.0,0.0,0.0,00:20,644:21,151,0.0,0.0,0.0,0.0,0.0,0.0,102:34,79.0,-9.0,4.0,1105.0,11:18,01:47,00:00
8475168,Matt Duchene,"Duchene, Matt",C,446,1483:04,,,,,,,,,,,,,,,78,,,,19:00,,,,43.0,43.0,38.0,228.0,31.0,16.0,29.0,247:10,1234:19,38,54.09,18.9,6.0,3.0,0.0,0.0,01:35,28.0,6.0,86.0,1698.0,15:49,00:01,03:10
8475218,Mattias Ekholm,"Ekholm, Mattias",D,400,1784:21,,,,,,,,,,,,,,,76,,,,23:28,,,,25.0,6.0,44.0,145.0,79.0,0.0,4.0,117:29,1418:55,44,0.0,4.1,1.0,0.0,0.0,1.0,247:57,96.0,14.0,31.0,2110.0,18:40,03:15,01:32
8475793,Ryan Johansen,"Johansen, Ryan",C,371,1308:32,,,,,,,,,,,,,,,79,,,,16:33,,,,37.0,26.0,53.0,118.0,72.0,11.0,24.0,239:56,1053:13,53,52.62,22.0,6.0,1.0,0.0,0.0,15:23,35.0,-2.0,63.0,1664.0,13:19,00:11,03:02
8475798,Mikael Granlund,"Granlund, Mikael",C,382,1633:10,,,,,,,,,,,,,,,80,,,,20:24,,,,53.0,11.0,33.0,117.0,92.0,3.0,28.0,250:21,1233:12,33,47.18,9.4,3.0,0.0,0.0,0.0,149:37,45.0,-9.0,64.0,1923.0,15:24,01:52,03:07
8475799,Nino Niederreiter,"Niederreiter, Nino",RW,368,1112:59,,,,,,,,,,,,,,,75,,,,14:50,,,,20.0,24.0,34.0,144.0,119.0,4.0,5.0,110:11,1002:24,34,48.71,16.7,5.0,0.0,0.0,0.0,00:24,17.0,29.0,44.0,1430.0,13:21,00:00,01:28
8480008,Adam Ruzicka,"Ruzicka, Adam",C,83,286:16,,,,,,,,,,,,,,,28,,,,10:13,,,,5.0,5.0,8.0,33.0,24.0,0.0,0.0,06:22,279:54,8,46.18,15.2,0.0,0.0,0.0,0.0,00:00,8.0,8.0,10.0,444.0,09:59,00:00,00:13
8471699,Andrew Cogliano,"Cogliano, Andrew",C,246,937:34,,,,,,,,,,,,,,,74,,,,12:40,,,,12.0,4.0,20.0,75.0,104.0,0.0,0.0,05:46,801:03,20,38.09,5.3,0.0,0.0,1.0,2.0,130:45,31.0,-18.0,16.0,1536.0,10:49,01:46,00:04
8471794,Darren Helm,"Helm, Darren",C,264,717:29,,,,,,,,,,,,,,,68,,,,10:33,,,,8.0,7.0,14.0,93.0,114.0,0.0,0.0,02:39,584:29,14,44.2,7.5,1.0,0.0,1.0,2.0,130:21,27.0,-5.0,15.0,1037.0,08:35,01:55,00:02
8473446,Erik Johnson,"Johnson, Erik",D,491,1330:23,,,,,,,,,,,,,,,77,,,,17:16,,,,17.0,8.0,24.0,139.0,165.0,0.0,1.0,17:53,1112:33,24,0.0,5.8,1.0,0.0,1.0,2.0,199:57,136.0,22.0,25.0,1833.0,14:26,02:35,00:13
8480802,Ryan McLeod,"McLeod, Ryan",C,174,905:58,,,,,,,,,,,,,,,71,,,,12:45,,,,12.0,9.0,12.0,82.0,28.0,2.0,5.0,54:57,771:19,12,47.23,11.0,1.0,0.0,0.0,0.0,79:42,25.0,-2.0,21.0,1239.0,10:51,01:07,00:46
8469608,Mike Smith,"Smith, Mike",G,0,1579:58,2.0,2.0,0.0,16.0,9.0,800.0,138.0,18.0,644.0,21.0,697.0,156.0,0.915,2.8102,28,27.0,874.0,74.0,56:25,88.46153846153845,85.71428571428571,92.39598278335724,,,,,,,,,,,,,,,,,,,,,,,,
8474089,Brad Malone,"Malone, Brad",C,34,66:14,,,,,,,,,,,,,,,8,,,,08:16,,,,1.0,1.0,2.0,7.0,22.0,0.0,0.0,00:22,56:07,2,48.14,14.3,0.0,0.0,0.0,0.0,09:45,1.0,-2.0,2.0,108.0,07:00,01:13,00:02
8475169,Evander Kane,"Kane, Evander",LW,404,836:22,,,,,,,,,,,,,,,43,,,,19:27,,,,17.0,22.0,60.0,152.0,135.0,3.0,4.0,105:07,716:09,60,45.0,14.5,3.0,0.0,2.0,3.0,15:06,11.0,25.0,39.0,921.0,16:39,00:21,02:26
8475197,Tyson Barrie,"Barrie, Tyson",D,329,1384:16,,,,,,,,,,,,,,,73,,,,18:57,,,,34.0,7.0,18.0,149.0,27.0,3.0,21.0,208:39,1147:11,18,0.0,4.7,0.0,0.0,0.0,1.0,28:26,73.0,3.0,41.0,1533.0,15:42,00:23,02:51
8475717,Calvin Pickard,"Pickard, Calvin",G,0,125:38,0.0,0.0,0.0,1.0,1.0,63.0,12.0,0.0,51.0,0.0,56.0,16.0,0.875,4.2982,3,1.0,72.0,9.0,41:52,75.0,,91.07142857142857,,,,,,,,,,,,,,,,,,,,,,,,
8475735,Greg McKegg,"McKegg, Greg",C,108,467:17,,,,,,,,,,,,,,,43,,,,10:52,,,,3.0,2.0,6.0,25.0,50.0,0.0,0.0,01:45,414:05,6,45.0,8.0,0.0,0.0,0.0,1.0,51:27,22.0,-11.0,5.0,632.0,09:37,01:11,00:02
8475786,Zach Hyman,"Hyman, Zach",LW,422,1479:20,,,,,,,,,,,,,,,76,,,,19:27,,,,27.0,27.0,36.0,213.0,74.0,5.0,10.0,182:24,1162:01,36,48.23,12.7,4.0,1.0,1.0,4.0,134:55,31.0,-9.0,54.0,1701.0,15:17,01:46,02:24
8475789,Jack Campbell,"Campbell, Jack",G,0,2795:24,6.0,5.0,0.0,31.0,9.0,1307.0,145.0,38.0,1124.0,39.0,1228.0,163.0,0.914,2.6401,49,47.0,1430.0,123.0,57:02,88.95705521472392,97.43589743589743,91.53094462540716,,,,,,,,,,,,,,,,,,,,,,,,
8476454,Ryan Nugent-Hopkins,"Nugent-Hopkins, Ryan",C,320,1217:03,,,,,,,,,,,,,,,63,,,,19:19,,,,39.0,11.0,16.0,154.0,42.0,1.0,23.0,218:36,871:35,16,40.73,7.1,1.0,0.0,3.0,5.0,126:52,34.0,3.0,50.0,1334.0,13:50,02:00,03:28
8476495,Seth Griffith,"Griffith, Seth",C,1,05:37,,,,,,,,,,,,,,,1,,,,05:37,,,,0.0,0.0,0.0,0.0,1.0,0.0,0.0,00:00,05:37,0,0.0,0.0,0.0,0.0,0.0,0.0,00:00,0.0,1.0,0.0,9.0,05:37,00:00,00:00
8476850,Ryan Murray,"Murray, Ryan",D,105,521:14,,,,,,,,,,,,,,,37,,,,14:05,,,,4.0,0.0,2.0,26.0,32.0,0.0,0.0,01:03,480:18,2,0.0,0.0,0.0,0.0,0.0,1.0,39:53,41.0,-3.0,4.0,721.0,12:58,01:04,00:01
8476879,Cody Ceci,"Ceci, Cody",D,382,1629:55,,,,,,,,,,,,,,,78,,,,20:53,,,,23.0,5.0,14.0,102.0,117.0,0.0,0.0,02:45,1426:52,14,0.0,4.9,0.0,0.0,0.0,3.0,200:18,121.0,8.0,28.0,1843.0,18:17,02:34,00:02
8476913,Devin Shore,"Shore, Devin",C,145,468:31,,,,,,,,,,,,,,,49,,,,09:33,,,,6.0,5.0,10.0,36.0,67.0,0.0,0.0,00:53,411:25,10,47.66,13.9,0.0,0.0,1.0,1.0,56:13,21.0,-4.0,11.0,676.0,08:23,01:08,00:01
8476967,Brett Kulak,"Kulak, Brett",D,324,1313:51,,,,,,,,,,,,,,,74,,,,17:45,,,,16.0,5.0,45.0,92.0,103.0,0.0,0.0,05:18,1228:25,45,0.0,5.4,0.0,0.0,0.0,1.0,80:08,63.0,-4.0,21.0,1555.0,16:36,01:04,00:04
8477406,Mattias Janmark,"Janmark, Mattias",C,183,961:04,,,,,,,,,,,,,,,67,,,,14:20,,,,16.0,9.0,21.0,89.0,19.0,0.0,0.0,35:43,846:09,21,40.74,10.1,1.0,0.0,2.0,3.0,79:12,28.0,3.0,25.0,1260.0,12:37,01:10,00:31
8477498,Darnell Nurse,"Nurse, Darnell",D,626,1778:27,,,,,,,,,,,,,,,71,,,,25:02,,,,26.0,9.0,54.0,203.0,196.0,0.0,6.0,82:10,1500:44,54,0.0,4.4,0.0,0.0,2.0,3.0,195:33,132.0,18.0,35.0,1875.0,21:08,02:45,01:09
8477934,Leon Draisaitl,"Draisaitl, Leon",C,558,1787:56,,,,,,,,,,,,,,,80,,,,22:20,,,,55.0,55.0,40.0,278.0,53.0,24.0,41.0,306:56,1405:22,40,53.4,19.8,11.0,1.0,1.0,1.0,75:38,25.0,17.0,110.0,1827.0,17:34,00:56,03:50
8477998,Warren Foegele,"Foegele, Warren",LW,340,1034:12,,,,,,,,,,,,,,,82,,,,12:36,,,,14.0,12.0,24.0,142.0,127.0,2.0,3.0,45:06,975:57,24,46.42,8.5,3.0,0.0,0.0,0.0,13:09,15.0,-9.0,26.0,1367.0,11:54,00:09,00:33
8478402,Connor McDavid,"McDavid, Connor",C,636,1765:18,,,,,,,,,,,,,,,80,,,,22:03,,,,79.0,44.0,45.0,314.0,75.0,10.0,44.0,297:52,1451:15,45,53.72,14.0,9.0,4.0,0.0,1.0,16:11,26.0,28.0,123.0,1757.0,18:08,00:12,03:43
8478585,Derek Ryan,"Ryan, Derek",C,180,857:19,,,,,,,,,,,,,,,75,,,,11:25,,,,12.0,10.0,8.0,72.0,38.0,0.0,0.0,05:15,722:44,8,55.85,13.9,2.0,0.0,0.0,1.0,129:20,38.0,-4.0,22.0,1283.0,09:38,01:43,00:04
8479338,Markus Niemelainen,"Niemelainen, Markus",D,118,263:53,,,,,,,,,,,,,,,20,,,,13:11,,,,1.0,0.0,4.0,12.0,82.0,0.0,0.0,00:03,235:26,4,0.0,0.0,0.0,0.0,0.0,0.0,28:24,19.0,-5.0,1.0,344.0,11:46,01:25,00:00
8479344,Jesse Puljujarvi,"Puljujarvi, Jesse",RW,320,1055:02,,,,,,,,,,,,,,,65,,,,16:13,,,,22.0,14.0,20.0,160.0,81.0,4.0,7.0,95:26,959:10,20,0.0,8.8,1.0,0.0,0.0,0.0,00:26,15.0,22.0,36.0,1252.0,14:45,00:00,01:28
8479347,Tyler Benson,"Benson, Tyler",LW,86,247:48,,,,,,,,,,,,,,,29,,,,08:32,,,,1.0,1.0,18.0,18.0,45.0,0.0,0.0,04:25,243:23,18,0.0,5.6,0.0,0.0,0.0,0.0,00:00,3.0,-5.0,2.0,327.0,08:23,00:00,00:09
8477359,Tucker Poolman,"Poolman, Tucker",D,168,680:03,,,,,,,,,,,,,,,40,,,,17:00,,,,2.0,1.0,12.0,47.0,33.0,0.0,0.0,03:22,612:15,12,0.0,2.1,0.0,0.0,0.0,0.0,64:26,73.0,2.0,3.0,887.0,15:18,01:36,00:05
8481535,Nils Hoglander,"Hoglander, Nils",LW,234,785:20,,,,,,,,,,,,,,,60,,,,13:05,,,,8.0,10.0,24.0,132.0,41.0,1.0,3.0,59:12,725:12,24,0.0,7.6,0.0,0.0,0.0,0.0,00:56,16.0,-6.0,18.0,1097.0,12:05,00:00,00:59
8474568,Luke Schenn,"Schenn, Luke",D,526,1135:51,,,,,,,,,,,,,,,66,,,,17:12,,,,12.0,5.0,61.0,78.0,273.0,0.0,0.0,03:17,1008:05,61,0.0,6.4,1.0,0.0,1.0,1.0,124:29,96.0,15.0,17.0,1633.0,15:16,01:53,00:02
8474574,Tyler Myers,"Myers, Tyler",D,506,1802:13,,,,,,,,,,,,,,,82,,,,21:58,,,,17.0,1.0,66.0,128.0,145.0,0.0,1.0,28:51,1571:10,66,0.0,0.8,0.0,0.0,0.0,0.0,202:12,148.0,15.0,18.0,2248.0,19:09,02:27,00:21
8475171,Oliver Ekman-Larsson,"Ekman-Larsson, Oliver",D,444,1763:21,,,,,,,,,,,,,,,79,,,,22:19,,,,24.0,5.0,52.0,168.0,105.0,3.0,10.0,138:18,1466:05,52,0.0,3.0,1.0,0.0,0.0,0.0,158:58,79.0,5.0,29.0,2212.0,18:33,02:00,01:45
8475413,Justin Dowling,"Dowling, Justin",C,42,210:54,,,,,,,,,,,,,,,22,,,,09:35,,,,2.0,2.0,2.0,17.0,10.0,0.0,0.0,08:42,194:34,2,52.5,11.8,0.0,0.0,0.0,0.0,07:38,9.0,-3.0,4.0,324.0,08:50,00:20,00:23
8476468,J.T. Miller,"Miller, J.T.",C,624,1686:09,,,,,,,,,,,,,,,80,,,,21:04,,,,67.0,32.0,47.0,206.0,172.0,8.0,38.0,264:40,1254:13,47,54.09,15.5,6.0,3.0,0.0,2.0,167:16,56.0,15.0,99.0,2069.0,15:40,02:05,03:18
8476858,Phillip Di Giuseppe,"Di, Phillip",LW,0,00:00,,,,,,,,,,,,,,,0,,,,,,,,0.0,0.0,0.0,0.0,0.0,0.0,0.0,00:00,00:00,0,0.0,0.0,0.0,0.0,0.0,0.0,00:00,0.0,0.0,0.0,0.0,,,
8476871,Tanner Pearson,"Pearson, Tanner",LW,353,1091:44,,,,,,,,,,,,,,,68,,,,16:03,,,,20.0,14.0,30.0,159.0,84.0,1.0,3.0,109:41,935:58,30,35.08,8.8,2.0,0.0,0.0,0.0,46:05,41.0,9.0,34.0,1521.0,13:45,00:40,01:36
8477335,Kyle Burroughs,"Burroughs, Kyle",D,264,543:20,,,,,,,,,,,,,,,42,,,,12:56,,,,4.0,1.0,39.0,39.0,122.0,0.0,0.0,00:43,519:45,39,0.0,2.6,0.0,0.0,0.0,0.0,22:52,59.0,-3.0,5.0,758.0,12:22,00:32,00:01
8477450,Jason Dickinson,"Dickinson, Jason",C,240,808:36,,,,,,,,,,,,,,,62,,,,13:02,,,,6.0,5.0,19.0,66.0,101.0,0.0,0.0,05:53,712:17,19,42.56,7.6,0.0,0.0,0.0,0.0,90:26,43.0,-1.0,11.0,1197.0,11:29,01:27,00:05
8477484,Spencer Martin,"Martin, Spencer",G,0,378:21,3.0,0.0,0.0,3.0,0.0,207.0,38.0,3.0,166.0,3.0,175.0,40.0,0.95,1.7444,6,6.0,218.0,11.0,63:03,95.0,100.0,94.85714285714286,,,,,,,,,,,,,,,,,,,,,,,,
8477500,Bo Horvat,"Horvat, Bo",C,450,1365:47,,,,,,,,,,,,,,,70,,,,19:30,,,,21.0,31.0,40.0,194.0,96.0,13.0,19.0,227:28,1055:40,40,57.01,16.0,4.0,0.0,1.0,1.0,82:39,45.0,3.0,52.0,1716.0,15:04,01:10,03:14
8477508,Curtis Lazar,"Lazar, Curtis",C,364,839:35,,,,,,,,,,,,,,,70,,,,11:59,,,,8.0,8.0,16.0,95.0,186.0,0.0,0.0,01:02,726:01,16,48.92,8.4,0.0,0.0,0.0,1.0,112:32,51.0,-2.0,16.0,1214.0,10:22,01:36,00:00
8477967,Thatcher Demko,"Demko, Thatcher",G,0,3700:39,7.0,1.0,0.0,33.0,22.0,1799.0,232.0,57.0,1510.0,63.0,1628.0,276.0,0.915,2.7238,64,61.0,1967.0,168.0,57:49,84.05797101449275,90.47619047619048,92.75184275184274,,,,,,,,,,,,,,,,,,,,,,,,
8478057,Dakota Joshua,"Joshua, Dakota",C,144,254:47,,,,,,,,,,,,,,,30,,,,08:29,,,,5.0,3.0,16.0,31.0,77.0,0.0,0.0,01:22,253:03,16,53.33,9.7,2.0,0.0,0.0,0.0,00:22,10.0,6.0,8.0,366.0,08:26,00:00,00:02
8478408,Travis Dermott,"Dermott, Travis",D,169,920:07,,,,,,,,,,,,,,,60,,,,15:20,,,,5.0,2.0,14.0,46.0,55.0,0.0,0.0,01:34,882:39,14,0.0,4.3,1.0,0.0,0.0,0.0,35:54,46.0,9.0,7.0,1255.0,14:42,00:35,00:01
8478444,Brock Boeser,"Boeser, Brock",RW,345,1320:32,,,,,,,,,,,,,,,71,,,,18:35,,,,23.0,23.0,20.0,195.0,35.0,11.0,17.0,219:23,1099:41,20,50.94,11.8,6.0,1.0,0.0,1.0,01:28,26.0,-5.0,46.0,1532.0,15:29,00:01,03:05
8478454,Noah Juulsen,"Juulsen, Noah",D,39,117:24,,,,,,,,,,,,,,,8,,,,14:40,,,,2.0,0.0,0.0,6.0,20.0,0.0,0.0,00:01,105:31,0,0.0,0.0,0.0,0.0,0.0,0.0,11:52,11.0,-4.0,2.0,184.0,13:11,01:29,00:00
8478465,Guillaume Brisebois,"Brisebois, Guillaume",D,1,04:13,,,,,,,,,,,,,,,1,,,,04:13,,,,0.0,0.0,0.0,0.0,0.0,0.0,0.0,00:00,04:13,0,0.0,0.0,0.0,0.0,0.0,0.0,00:00,1.0,-1.0,0.0,8.0,04:13,00:00,00:00
8478846,Christian Wolanin,"Wolanin, Christian",D,27,132:16,,,,,,,,,,,,,,,9,,,,14:41,,,,1.0,1.0,2.0,5.0,5.0,0.0,0.0,07:53,118:48,2,0.0,20.0,0.0,0.0,0.0,0.0,05:35,13.0,-1.0,2.0,172.0,13:12,00:37,00:52
8478856,Conor Garland,"Garland, Conor",RW,371,1263:20,,,,,,,,,,,,,,,77,,,,16:24,,,,33.0,19.0,36.0,203.0,52.0,1.0,3.0,123:02,1137:31,36,50.0,9.4,3.0,0.0,0.0,0.0,02:47,22.0,18.0,52.0,1677.0,14:46,00:02,01:35
8479367,William Lockwood,"Lockwood, William",RW,80,147:25,,,,,,,,,,,,,,,13,,,,11:20,,,,0.0,0.0,9.0,13.0,49.0,0.0,0.0,01:31,145:02,9,0.0,0.0,0.0,0.0,0.0,0.0,00:52,9.0,-3.0,0.0,204.0,11:09,00:04,00:07
8474031,Kevin Shattenkirk,"Shattenkirk, Kevin",D,457,1756:12,,,,,,,,,,,,,,,82,,,,21:25,,,,27.0,8.0,36.0,163.0,73.0,1.0,14.0,162:22,1412:25,36,0.0,4.9,1.0,0.0,0.0,0.0,181:25,135.0,-9.0,35.0,2066.0,17:13,02:12,01:58
8474641,Adam Henrique,"Henrique, Adam",C,277,1010:20,,,,,,,,,,,,,,,58,,,,17:25,,,,23.0,19.0,14.0,141.0,22.0,6.0,11.0,124:33,878:52,14,55.53,13.5,0.0,0.0,0.0,0.0,06:55,47.0,-2.0,42.0,1305.0,15:09,00:07,02:08
8474683,Derek Grant,"Grant, Derek",C,294,1016:16,,,,,,,,,,,,,,,71,,,,14:18,,,,14.0,15.0,27.0,117.0,69.0,2.0,2.0,34:30,810:44,27,48.57,12.8,1.0,0.0,1.0,2.0,171:02,49.0,-16.0,29.0,1442.0,11:25,02:24,00:29
8475164,Jakob Silfverberg,"Silfverberg, Jakob",RW,232,903:04,,,,,,,,,,,,,,,53,,,,17:02,,,,16.0,5.0,30.0,120.0,16.0,1.0,5.0,93:14,694:55,30,33.33,4.2,0.0,0.0,0.0,0.0,114:55,40.0,-3.0,21.0,1263.0,13:06,02:10,01:45
8475179,Dmitry Kulikov,"Kulikov, Dmitry",D,342,1455:41,,,,,,,,,,,,,,,80,,,,18:11,,,,17.0,7.0,39.0,74.0,100.0,0.0,0.0,12:27,1287:54,39,0.0,9.5,2.0,1.0,0.0,0.0,155:20,103.0,23.0,24.0,1765.0,16:05,01:56,00:09
8475186,John Moore,"Moore, John",D,32,122:58,,,,,,,,,,,,,,,7,,,,17:34,,,,1.0,0.0,4.0,7.0,9.0,0.0,0.0,01:46,102:53,4,0.0,0.0,0.0,0.0,0.0,1.0,18:19,11.0,2.0,1.0,163.0,14:41,02:37,00:15
8475764,Cam Fowler,"Fowler, Cam",D,352,1855:38,,,,,,,,,,,,,,,76,,,,24:24,,,,33.0,9.0,14.0,124.0,37.0,6.0,18.0,162:59,1475:54,14,0.0,7.3,1.0,0.0,0.0,0.0,216:45,116.0,-9.0,42.0,2084.0,19:25,02:51,02:08
8475842,Sam Carrick,"Carrick, Sam",C,327,733:54,,,,,,,,,,,,,,,64,,,,11:28,,,,8.0,11.0,85.0,80.0,122.0,0.0,0.0,09:36,670:43,85,49.39,13.8,0.0,0.0,0.0,0.0,53:35,21.0,-12.0,19.0,1040.0,10:28,00:50,00:09
8475906,John Klingberg,"Klingberg, John",D,376,1643:28,,,,,,,,,,,,,,,74,,,,22:12,,,,41.0,6.0,34.0,139.0,57.0,1.0,20.0,209:59,1414:27,34,0.0,4.3,2.0,2.0,0.0,0.0,19:02,77.0,-28.0,47.0,1827.0,19:06,00:15,02:50
8476434,John Gibson,"Gibson, John",G,0,3235:35,11.0,1.0,0.0,18.0,26.0,1617.0,227.0,44.0,1346.0,46.0,1489.0,254.0,0.904,3.1895,56,56.0,1789.0,172.0,57:46,89.37007874015748,95.65217391304348,90.39623908663532,,,,,,,,,,,,,,,,,,,,,,,,
8476458,Ryan Strome,"Strome, Ryan",C,363,1355:31,,,,,,,,,,,,,,,74,,,,18:19,,,,33.0,21.0,69.0,161.0,41.0,5.0,14.0,206:07,1109:39,69,44.37,13.0,5.0,0.0,1.0,1.0,39:45,19.0,15.0,54.0,1537.0,14:59,00:32,02:47
8476932,Anthony Stolarz,"Stolarz, Anthony",G,0,1506:25,3.0,3.0,0.0,12.0,8.0,742.0,121.0,23.0,598.0,25.0,652.0,132.0,0.917,2.6686,28,23.0,809.0,67.0,53:48,91.66666666666666,92.0,91.71779141104295,,,,,,,,,,,,,,,,,,,,,,,,
8476982,Danny O'Regan,"O'Regan, Danny",C,10,50:17,,,,,,,,,,,,,,,5,,,,10:03,,,,1.0,0.0,0.0,2.0,3.0,0.0,0.0,00:00,50:17,0,39.28,0.0,0.0,0.0,0.0,0.0,00:00,4.0,-1.0,1.0,63.0,10:03,00:00,00:00
8474563,Drew Doughty,"Doughty, Drew",D,287,1003:50,,,,,,,,,,,,,,,39,,,,25:44,,,,24.0,7.0,30.0,99.0,60.0,4.0,13.0,122:22,803:15,30,0.0,7.1,1.0,0.0,0.0,0.0,78:13,53.0,4.0,31.0,1031.0,20:35,02:00,03:08
8480336,Sean Walker,"Walker, Sean",D,43,110:14,,,,,,,,,,,,,,,6,,,,18:22,,,,2.0,0.0,4.0,18.0,9.0,0.0,1.0,10:36,94:21,4,0.0,0.0,0.0,0.0,0.0,0.0,05:17,9.0,-1.0,2.0,133.0,15:43,00:52,01:46
8471303,Alexander Edler,"Edler, Alexander",D,234,756:58,,,,,,,,,,,,,,,41,,,,18:27,,,,16.0,3.0,34.0,54.0,56.0,0.0,0.0,13:49,666:13,34,0.0,5.6,1.0,0.0,0.0,1.0,76:56,70.0,18.0,19.0,918.0,16:14,01:52,00:20
8471685,Anze Kopitar,"Kopitar, Anze",C,460,1682:19,,,,,,,,,,,,,,,81,,,,20:46,,,,48.0,19.0,14.0,210.0,72.0,6.0,22.0,269:35,1274:39,14,56.85,9.0,4.0,0.0,0.0,1.0,138:05,71.0,-6.0,67.0,1979.0,15:44,01:42,03:19
8471734,Jonathan Quick,"Quick, Jonathan",G,0,2685:52,9.0,2.0,0.0,23.0,13.0,1168.0,158.0,36.0,974.0,41.0,1055.0,188.0,0.91,2.5913,46,46.0,1284.0,116.0,58:23,84.04255319148936,87.8048780487805,92.32227488151659,,,,,,,,,,,,,,,,,,,,,,,,
8476479,Phillip Danault,"Danault, Phillip",C,415,1431:56,,,,,,,,,,,,,,,79,,,,18:07,,,,24.0,27.0,38.0,194.0,74.0,2.0,4.0,161:47,1135:33,38,53.56,13.9,5.0,0.0,0.0,3.0,134:36,49.0,14.0,51.0,1905.0,14:22,01:42,02:02
8477361,Cal Petersen,"Petersen, Cal",G,0,2176:30,2.0,3.0,0.0,20.0,14.0,897.0,117.0,34.0,746.0,38.0,824.0,140.0,0.895,2.8946,37,35.0,1002.0,105.0,58:49,83.57142857142857,89.47368421052632,90.53398058252428,,,,,,,,,,,,,,,,,,,,,,,,
8477831,Pheonix Copley,"Copley, Pheonix",G,0,96:35,0.0,0.0,0.0,0.0,1.0,36.0,2.0,1.0,33.0,2.0,35.0,4.0,0.878,3.1061,2,1.0,41.0,5.0,48:17,50.0,50.0,94.28571428571428,,,,,,,,,,,,,,,,,,,,,,,,
8477942,Kevin Fiala,"Fiala, Kevin",LW,496,1447:04,,,,,,,,,,,,,,,82,,,,17:38,,,,52.0,33.0,52.0,262.0,52.0,5.0,17.0,220:49,1150:57,52,26.66,12.6,7.0,1.0,1.0,1.0,75:18,21.0,23.0,85.0,1547.0,14:02,00:55,02:41
8477960,Adrian Kempe,"Kempe, Adrian",C,509,1449:32,,,,,,,,,,,,,,,78,,,,18:35,,,,19.0,35.0,46.0,247.0,111.0,6.0,16.0,230:03,1104:31,46,50.0,14.2,7.0,2.0,3.0,3.0,114:58,28.0,-2.0,54.0,1873.0,14:09,01:28,02:56
8477962,Brendan Lemieux,"Lemieux, Brendan",LW,316,537:15,,,,,,,,,,,,,,,50,,,,10:44,,,,5.0,8.0,97.0,65.0,122.0,0.0,0.0,06:45,528:51,97,45.83,12.3,2.0,0.0,0.0,0.0,01:39,17.0,1.0,13.0,758.0,10:34,00:01,00:08
8478042,Viktor Arvidsson,"Arvidsson, Viktor",LW,377,1120:38,,,,,,,,,,,,,,,66,,,,16:58,,,,29.0,20.0,22.0,227.0,23.0,4.0,8.0,173:01,946:28,22,36.36,8.8,3.0,1.0,0.0,0.0,01:09,45.0,1.0,49.0,1387.0,14:20,00:01,02:37
8478911,Matt Roy,"Roy, Matt",D,431,1405:54,,,,,,,,,,,,,,,67,,,,20:59,,,,19.0,2.0,28.0,153.0,124.0,0.0,2.0,49:35,1217:55,28,0.0,1.3,0.0,0.0,0.0,2.0,138:24,103.0,23.0,21.0,1671.0,18:10,02:03,00:44
8479336,Carl Grundstrom,"Grundstrom, Carl",RW,278,588:03,,,,,,,,,,,,,,,54,,,,10:53,,,,6.0,9.0,26.0,83.0,134.0,0.0,0.0,13:12,569:40,26,31.57,10.8,1.0,0.0,0.0,0.0,05:11,19.0,4.0,15.0,832.0,10:32,00:05,00:14
8479421,Jacob Moverare,"Moverare, Jacob",D,56,310:29,,,,,,,,,,,,,,,19,,,,16:20,,,,2.0,0.0,2.0,15.0,16.0,0.0,0.0,01:28,284:55,2,0.0,0.0,0.0,0.0,0.0,0.0,24:06,21.0,3.0,2.0,395.0,14:59,01:16,00:04
8479675,Trevor Moore,"Moore, Trevor",C,374,1270:41,,,,,,,,,,,,,,,81,,,,15:41,,,,31.0,17.0,20.0,202.0,69.0,1.0,2.0,83:46,1087:46,20,41.79,8.4,1.0,0.0,5.0,6.0,99:09,32.0,20.0,48.0,1723.0,13:25,01:13,01:02
8479994,Jaret Anderson-Dolan,"Anderson-Dolan, Jaret",C,24,96:32,,,,,,,,,,,,,,,7,,,,13:47,,,,0.0,0.0,4.0,5.0,12.0,0.0,0.0,02:23,90:28,4,56.25,0.0,0.0,0.0,0.0,0.0,03:41,3.0,-3.0,0.0,129.0,12:55,00:31,00:20
8479998,Mikey Anderson,"Anderson, Mikey",D,277,1146:38,,,,,,,,,,,,,,,57,,,,20:06,,,,6.0,2.0,8.0,58.0,133.0,0.0,0.0,06:24,1031:54,8,0.0,3.4,1.0,0.0,0.0,0.0,108:20,69.0,6.0,8.0,1300.0,18:06,01:54,00:06
8480014,Gabriel Vilardi,"Vilardi, Gabriel",C,74,337:51,,,,,,,,,,,,,,,25,,,,13:30,,,,2.0,5.0,8.0,41.0,6.0,2.0,2.0,44:40,292:20,8,45.8,12.2,1.0,0.0,0.0,0.0,00:51,9.0,-5.0,7.0,444.0,11:41,00:02,01:47
8480072,Lias Andersson,"Andersson, Lias",C,71,212:18,,,,,,,,,,,,,,,20,,,,10:36,,,,1.0,1.0,12.0,29.0,23.0,0.0,1.0,11:58,196:39,12,44.68,3.4,1.0,0.0,0.0,0.0,03:41,3.0,-7.0,2.0,328.0,09:49,00:11,00:35
8480113,Alex Iafallo,"Iafallo, Alex",LW,369,1461:40,,,,,,,,,,,,,,,79,,,,18:30,,,,20.0,17.0,8.0,215.0,48.0,3.0,6.0,217:43,1114:43,8,46.87,7.9,2.0,1.0,1.0,2.0,129:14,53.0,4.0,37.0,1860.0,14:06,01:38,02:45
8480434,Sean Durzi,"Durzi, Sean",D,411,1254:03,,,,,,,,,,,,,,,64,,,,19:35,,,,24.0,3.0,55.0,119.0,74.0,2.0,15.0,158:22,1015:36,55,0.0,2.5,0.0,0.0,0.0,1.0,80:05,121.0,-9.0,27.0,1429.0,15:52,01:15,02:28
8480845,Rasmus Kupari,"Kupari, Rasmus",C,171,672:42,,,,,,,,,,,,,,,57,,,,11:48,,,,8.0,5.0,18.0,51.0,68.0,1.0,3.0,30:04,610:07,18,42.57,9.8,1.0,0.0,1.0,1.0,32:31,17.0,-5.0,13.0,986.0,10:42,00:34,00:31
8481481,Blake Lizotte,"Lizotte, Blake",C,231,851:28,,,,,,,,,,,,,,,70,,,,12:09,,,,14.0,10.0,28.0,91.0,74.0,0.0,0.0,09:11,766:16,28,51.56,11.0,2.0,0.0,1.0,3.0,76:01,12.0,15.0,24.0,1252.0,10:56,01:05,00:07
8481560,Arthur Kaliyev,"Kaliyev, Arthur",RW,312,1011:56,,,,,,,,,,,,,,,80,,,,12:38,,,,13.0,14.0,37.0,194.0,31.0,6.0,9.0,154:44,857:01,37,0.0,7.2,2.0,0.0,0.0,0.0,00:11,12.0,-3.0,27.0,1355.0,10:42,00:00,01:56
8481600,Tobias Bjornfot,"Bjornfot, Tobias",D,186,1173:24,,,,,,,,,,,,,,,70,,,,16:45,,,,8.0,0.0,6.0,53.0,61.0,0.0,0.0,05:39,1092:41,6,0.0,0.0,0.0,0.0,0.0,0.0,75:04,58.0,-12.0,8.0,1476.0,15:36,01:04,00:04
8481606,Jordan Spence,"Spence, Jordan",D,115,473:51,,,,,,,,,,,,,,,24,,,,19:44,,,,6.0,2.0,2.0,41.0,32.0,0.0,2.0,40:37,419:22,2,0.0,4.9,1.0,0.0,0.0,0.0,13:52,29.0,0.0,8.0,547.0,17:28,00:34,01:41
8482124,Quinton Byfield,"Byfield, Quinton",C,102,486:16,,,,,,,,,,,,,,,40,,,,12:09,,,,5.0,5.0,20.0,39.0,20.0,0.0,1.0,22:24,461:14,20,45.42,12.8,1.0,0.0,0.0,0.0,02:38,11.0,-7.0,10.0,682.0,11:31,00:03,00:33
8478099,Kevin Labanc,"Labanc, Kevin",RW,90,279:07,,,,,,,,,,,,,,,21,,,,13:17,,,,3.0,3.0,6.0,36.0,28.0,2.0,4.0,39:39,239:28,6,0.0,8.3,1.0,0.0,0.0,0.0,00:00,9.0,-4.0,6.0,369.0,11:24,00:00,01:53
8478906,Markus Nutivaara,"Nutivaara, Markus",D,2,07:01,,,,,,,,,,,,,,,1,,,,07:01,,,,1.0,0.0,0.0,0.0,1.0,0.0,0.0,00:00,07:01,0,0.0,0.0,0.0,0.0,0.0,0.0,00:00,0.0,0.0,1.0,12.0,07:01,00:00,00:00
8471709,Marc-Edouard Vlasic,"Vlasic, Marc-Edouard",D,239,1141:09,,,,,,,,,,,,,,,75,,,,15:12,,,,11.0,3.0,18.0,63.0,54.0,0.0,0.0,02:42,1075:59,18,0.0,4.8,0.0,0.0,0.0,0.0,62:28,90.0,-22.0,14.0,1598.0,14:20,00:49,00:02
8473503,James Reimer,"Reimer, James",G,0,2672:41,10.0,1.0,0.0,19.0,17.0,1321.0,173.0,29.0,1119.0,33.0,1231.0,186.0,0.911,2.896,48,46.0,1450.0,129.0,55:40,93.01075268817203,87.87878787878788,90.90170593013809,,,,,,,,,,,,,,,,,,,,,,,,
8474009,Nick Bonino,"Bonino, Nick",C,324,1335:59,,,,,,,,,,,,,,,80,,,,16:41,,,,10.0,16.0,18.0,137.0,34.0,3.0,7.0,147:48,1059:22,18,51.35,11.7,0.0,0.0,1.0,1.0,128:49,102.0,-25.0,26.0,1876.0,13:14,01:36,01:50
8474053,Logan Couture,"Couture, Logan",C,443,1457:49,,,,,,,,,,,,,,,77,,,,18:55,,,,33.0,23.0,18.0,199.0,92.0,5.0,17.0,190:26,1120:45,18,48.7,11.6,3.0,1.0,2.0,3.0,146:38,58.0,-11.0,56.0,2023.0,14:33,01:54,02:28
8474578,Erik Karlsson,"Karlsson, Erik",D,241,1173:31,,,,,,,,,,,,,,,50,,,,23:28,,,,25.0,10.0,14.0,117.0,18.0,0.0,10.0,141:57,957:23,14,0.0,8.5,2.0,1.0,0.0,0.0,74:11,45.0,-14.0,35.0,1389.0,19:08,01:29,02:50
8475461,Andrew Agozzino,"Agozzino, Andrew",LW,5,06:52,,,,,,,,,,,,,,,1,,,,06:52,,,,0.0,0.0,0.0,1.0,4.0,0.0,0.0,00:00,06:52,0,33.33,0.0,0.0,0.0,0.0,0.0,00:00,0.0,0.0,0.0,10.0,06:52,00:00,00:00
8476442,Matt Nieto,"Nieto, Matt",LW,261,1008:15,,,,,,,,,,,,,,,70,,,,14:24,,,,11.0,6.0,19.0,82.0,96.0,0.0,0.0,04:51,880:50,19,15.38,7.3,0.0,0.0,0.0,0.0,122:34,47.0,-20.0,17.0,1507.0,12:35,01:45,00:04
8476881,Tomas Hertl,"Hertl, Tomas",C,483,1635:06,,,,,,,,,,,,,,,82,,,,19:56,,,,34.0,30.0,30.0,205.0,105.0,6.0,16.0,204:34,1304:55,30,52.45,14.6,6.0,3.0,0.0,1.0,125:37,57.0,-9.0,64.0,2079.0,15:54,01:31,02:29
8476988,Matt Benning,"Benning, Matt",D,260,1061:55,,,,,,,,,,,,,,,65,,,,16:20,,,,11.0,0.0,39.0,61.0,82.0,0.0,0.0,02:05,917:25,39,0.0,0.0,0.0,0.0,0.0,0.0,142:25,67.0,-24.0,11.0,1491.0,14:06,02:11,00:01
8477034,Jaycob Megna,"Megna, Jaycob",D,227,841:18,,,,,,,,,,,,,,,44,,,,19:07,,,,6.0,2.0,16.0,40.0,71.0,0.0,0.0,01:35,755:22,16,0.0,5.0,0.0,0.0,0.0,0.0,84:21,92.0,-1.0,8.0,1142.0,17:10,01:55,00:02
8477180,Aaron Dell,"Dell, Aaron",G,0,565:23,1.0,0.0,0.0,1.0,8.0,316.0,32.0,12.0,272.0,13.0,297.0,44.0,0.893,4.0327,12,9.0,354.0,38.0,47:06,72.72727272727273,92.3076923076923,91.58249158249158,,,,,,,,,,,,,,,,,,,,,,,,
8478039,Kaapo Kahkonen,"Kahkonen, Kaapo",G,0,1946:57,4.0,0.0,0.0,14.0,14.0,963.0,152.0,29.0,782.0,31.0,849.0,176.0,0.912,2.866,36,33.0,1056.0,93.0,54:04,86.36363636363636,93.54838709677419,92.10836277974087,,,,,,,,,,,,,,,,,,,,,,,,
8478058,CJ Suess,"Suess, CJ",LW,9,17:08,,,,,,,,,,,,,,,3,,,,05:42,,,,0.0,0.0,2.0,0.0,2.0,0.0,0.0,00:03,17:05,2,50.0,0.0,0.0,0.0,0.0,0.0,00:00,5.0,0.0,0.0,27.0,05:41,00:00,00:01
8478067,Oskar Lindblom,"Lindblom, Oskar",LW,308,1090:16,,,,,,,,,,,,,,,79,,,,13:48,,,,14.0,12.0,22.0,127.0,83.0,0.0,1.0,45:09,981:30,22,36.36,9.4,1.0,0.0,0.0,0.0,63:37,48.0,-11.0,26.0,1599.0,12:25,00:48,00:34
8478414,Timo Meier,"Meier, Timo",RW,705,1475:01,,,,,,,,,,,,,,,77,,,,19:09,,,,41.0,35.0,54.0,326.0,162.0,12.0,18.0,203:53,1267:48,54,48.64,10.7,8.0,1.0,0.0,0.0,03:20,61.0,-3.0,76.0,1759.0,16:27,00:02,02:38
8478431,Evgeny Svechnikov,"Svechnikov, Evgeny",LW,262,774:22,,,,,,,,,,,,,,,72,,,,10:45,,,,12.0,7.0,38.0,78.0,104.0,0.0,0.0,01:24,772:50,38,42.85,9.0,1.0,0.0,0.0,0.0,00:08,22.0,-4.0,19.0,1050.0,10:44,00:00,00:01
8478904,Steven Lorentz,"Lorentz, Steven",C,182,729:32,,,,,,,,,,,,,,,67,,,,10:53,,,,5.0,8.0,8.0,80.0,67.0,0.0,0.0,01:41,699:35,8,45.53,10.0,1.0,0.0,0.0,0.0,28:16,13.0,0.0,13.0,1030.0,10:26,00:25,00:01
8479316,Luke Kunin,"Kunin, Luke",C,522,1134:02,,,,,,,,,,,,,,,82,,,,13:49,,,,9.0,13.0,99.0,125.0,223.0,0.0,2.0,77:30,996:37,99,44.03,10.4,0.0,0.0,0.0,0.0,59:55,51.0,-11.0,22.0,1568.0,12:09,00:43,00:56
8479393,Noah Gregor,"Gregor, Noah",C,375,940:57,,,,,,,,,,,,,,,63,,,,14:56,,,,15.0,8.0,25.0,156.0,118.0,0.0,3.0,77:13,843:51,25,34.28,5.1,1.0,0.0,0.0,0.0,19:53,49.0,-21.0,23.0,1296.0,13:23,00:18,01:13
8479705,Jeffrey Viel,"Viel, Jeffrey",LW,244,299:19,,,,,,,,,,,,,,,34,,,,08:48,,,,2.0,3.0,114.0,30.0,84.0,0.0,0.0,00:33,298:32,114,33.33,10.0,0.0,0.0,0.0,0.0,00:14,11.0,-2.0,5.0,438.0,08:46,00:00,00:00
8479981,Jonah Gadjovich,"Gadjovich, Jonah",LW,231,376:30,,,,,,,,,,,,,,,43,,,,08:45,,,,2.0,1.0,74.0,36.0,104.0,0.0,0.0,00:17,375:52,74,33.33,2.8,0.0,0.0,0.0,0.0,00:21,14.0,-9.0,3.0,568.0,08:44,00:00,00:00
8479983,Mario Ferraro,"Ferraro, Mario",D,371,1449:12,,,,,,,,,,,,,,,63,,,,23:00,,,,12.0,2.0,16.0,49.0,140.0,0.0,0.0,32:50,1250:43,16,0.0,4.1,1.0,0.0,0.0,0.0,165:39,151.0,-5.0,14.0,1721.0,19:51,02:37,00:31
8480060,Scott Reedy,"Reedy, Scott",C,97,391:31,,,,,,,,,,,,,,,35,,,,11:11,,,,2.0,7.0,10.0,33.0,14.0,3.0,3.0,54:21,336:49,10,40.15,21.2,2.0,0.0,0.0,0.0,00:21,26.0,-8.0,9.0,548.0,09:37,00:00,01:33
8480160,Radim Simek,"Simek, Radim",D,170,478:08,,,,,,,,,,,,,,,36,,,,13:16,,,,1.0,1.0,8.0,25.0,96.0,0.0,0.0,03:52,466:01,8,0.0,4.0,0.0,0.0,0.0,0.0,08:15,39.0,-13.0,2.0,694.0,12:56,00:13,00:06
8476432,Boone Jenner,"Jenner, Boone",C,375,1207:25,,,,,,,,,,,,,,,59,,,,20:27,,,,21.0,23.0,22.0,160.0,80.0,8.0,10.0,175:16,937:28,22,53.58,14.4,3.0,0.0,0.0,0.0,94:41,56.0,-11.0,44.0,1463.0,15:53,01:36,02:58
8480193,Daniil Tarasov,"Tarasov, Daniil",G,0,174:51,0.0,0.0,0.0,0.0,2.0,104.0,6.0,6.0,92.0,6.0,99.0,6.0,0.937,2.4021,4,3.0,111.0,7.0,43:42,100.0,100.0,92.92929292929293,,,,,,,,,,,,,,,,,,,,,,,,
8474161,Jakub Voracek,"Voracek, Jakub",RW,335,1379:17,,,,,,,,,,,,,,,79,,,,17:27,,,,56.0,6.0,44.0,147.0,27.0,2.0,25.0,253:53,1123:38,44,15.15,4.1,2.0,1.0,0.0,0.0,01:46,28.0,-13.0,62.0,1615.0,14:13,00:01,03:12
8474679,Gustav Nyquist,"Nyquist, Gustav",C,303,1462:56,,,,,,,,,,,,,,,82,,,,17:50,,,,35.0,18.0,26.0,122.0,41.0,4.0,10.0,150:22,1167:23,26,46.66,14.8,0.0,0.0,4.0,4.0,145:11,51.0,-12.0,53.0,1855.0,14:14,01:46,01:50
8475790,Erik Gudbranson,"Gudbranson, Erik",D,451,1414:52,,,,,,,,,,,,,,,78,,,,18:08,,,,11.0,6.0,68.0,129.0,145.0,0.0,0.0,06:25,1180:40,68,0.0,4.7,0.0,0.0,0.0,0.0,227:47,92.0,15.0,17.0,2035.0,15:08,02:55,00:04
8476346,Johnny Gaudreau,"Gaudreau, Johnny",LW,456,1523:08,,,,,,,,,,,,,,,82,,,,18:34,,,,75.0,40.0,26.0,262.0,10.0,6.0,25.0,241:50,1276:32,26,100.0,15.3,9.0,2.0,0.0,0.0,04:46,9.0,64.0,115.0,1807.0,15:34,00:03,02:56
8476374,Sean Kuraly,"Kuraly, Sean",C,504,1221:13,,,,,,,,,,,,,,,77,,,,15:51,,,,16.0,14.0,61.0,121.0,240.0,0.0,1.0,14:49,1024:14,61,49.44,11.6,0.0,0.0,0.0,1.0,182:10,51.0,2.0,30.0,1676.0,13:18,02:21,00:11
8476867,Brendan Gaunce,"Gaunce, Brendan",C,114,242:53,,,,,,,,,,,,,,,30,,,,08:05,,,,2.0,5.0,12.0,44.0,42.0,0.0,0.0,00:07,242:41,12,52.38,11.4,0.0,0.0,0.0,0.0,00:05,9.0,2.0,7.0,351.0,08:05,00:00,00:00
8476914,Joonas Korpisalo,"Korpisalo, Joonas",G,0,1128:29,0.0,0.0,0.0,7.0,11.0,556.0,77.0,20.0,459.0,22.0,519.0,93.0,0.877,4.1472,22,17.0,634.0,78.0,51:17,82.79569892473118,90.9090909090909,88.4393063583815,,,,,,,,,,,,,,,,,,,,,,,,
8478007,Elvis Merzlikins,"Merzlikins, Elvis",G,0,3320:07,7.0,2.0,0.0,27.0,23.0,1742.0,204.0,36.0,1502.0,40.0,1642.0,238.0,0.907,3.2168,59,56.0,1920.0,178.0,56:16,85.71428571428571,90.0,91.47381242387333,,,,,,,,,,,,,,,,,,,,,,,,
8478458,Jack Roslovic,"Roslovic, Jack",C,284,1156:47,,,,,,,,,,,,,,,81,,,,14:16,,,,23.0,22.0,12.0,131.0,60.0,4.0,7.0,123:45,970:37,12,43.5,16.8,4.0,1.0,0.0,0.0,62:25,25.0,2.0,45.0,1522.0,11:58,00:46,01:31
8478460,Zach Werenski,"Werenski, Zach",D,430,1744:48,,,,,,,,,,,,,,,68,,,,25:39,,,,37.0,11.0,22.0,216.0,33.0,4.0,14.0,218:54,1420:08,22,0.0,5.1,2.0,0.0,0.0,1.0,105:46,95.0,-15.0,48.0,1786.0,20:53,01:33,03:13
8478882,Vladislav Gavrikov,"Gavrikov, Vladislav",D,472,1782:58,,,,,,,,,,,,,,,80,,,,22:17,,,,28.0,5.0,68.0,108.0,124.0,0.0,0.0,06:55,1529:02,68,0.0,4.6,1.0,0.0,0.0,1.0,247:01,138.0,-3.0,33.0,2025.0,19:06,03:05,00:05
8479339,Patrik Laine,"Laine, Patrik",LW,315,1054:27,,,,,,,,,,,,,,,56,,,,18:49,,,,30.0,26.0,24.0,167.0,34.0,5.0,14.0,191:06,862:43,24,36.84,15.6,7.0,3.0,0.0,0.0,00:38,13.0,-7.0,56.0,1199.0,15:24,00:00,03:24
8479369,Andrew Peeke,"Peeke, Andrew",D,507,1761:05,,,,,,,,,,,,,,,82,,,,21:28,,,,13.0,2.0,60.0,72.0,191.0,0.0,0.0,05:05,1491:50,60,0.0,2.8,0.0,0.0,0.0,0.0,264:10,169.0,-14.0,15.0,2013.0,18:11,03:13,00:03
8479402,Jake Bean,"Bean, Jake",D,259,1378:04,,,,,,,,,,,,,,,67,,,,20:34,,,,18.0,7.0,26.0,90.0,41.0,0.0,4.0,74:48,1230:33,26,0.0,7.8,2.0,2.0,0.0,1.0,72:43,71.0,-5.0,25.0,1621.0,18:21,01:05,01:06
8479671,Mathieu Olivier,"Olivier, Mathieu",RW,47,100:59,,,,,,,,,,,,,,,10,,,,10:05,,,,1.0,0.0,14.0,5.0,23.0,0.0,0.0,00:15,92:38,14,0.0,0.0,0.0,0.0,0.0,0.0,08:06,4.0,-3.0,1.0,148.0,09:15,00:48,00:01
8479941,Justin Danforth,"Danforth, Justin",RW,205,565:42,,,,,,,,,,,,,,,45,,,,12:34,,,,4.0,10.0,10.0,72.0,85.0,0.0,1.0,12:45,531:11,10,53.76,13.9,1.0,0.0,0.0,0.0,21:46,22.0,-5.0,14.0,792.0,11:48,00:29,00:17
8479945,Gavin Bayreuther,"Bayreuther, Gavin",D,169,561:25,,,,,,,,,,,,,,,43,,,,13:03,,,,8.0,0.0,22.0,44.0,50.0,0.0,0.0,01:32,541:04,22,0.0,0.0,0.0,0.0,0.0,0.0,18:49,45.0,0.0,8.0,775.0,12:34,00:26,00:02
8480205,Emil Bemstrom,"Bemstrom, Emil",C,120,431:21,,,,,,,,,,,,,,,41,,,,10:31,,,,5.0,6.0,4.0,62.0,36.0,0.0,0.0,44:47,386:22,4,50.0,9.7,1.0,0.0,0.0,0.0,00:12,6.0,-1.0,11.0,587.0,09:25,00:00,01:05
8480292,Carson Meyer,"Meyer, Carson",RW,51,106:57,,,,,,,,,,,,,,,13,,,,08:13,,,,2.0,1.0,6.0,13.0,27.0,0.0,0.0,00:05,105:34,6,0.0,7.7,0.0,0.0,0.0,0.0,01:18,2.0,0.0,3.0,155.0,08:07,00:06,00:00
8480441,Trey Fix-Wolansky,"Fix-Wolansky, Trey",RW,18,37:43,,,,,,,,,,,,,,,6,,,,06:17,,,,1.0,1.0,0.0,5.0,7.0,0.0,0.0,00:00,37:43,0,0.0,20.0,0.0,0.0,0.0,0.0,00:00,4.0,-1.0,2.0,62.0,06:17,00:00,00:00
8480762,Eric Robinson,"Robinson, Eric",LW,265,930:46,,,,,,,,,,,,,,,67,,,,13:53,,,,17.0,10.0,18.0,104.0,95.0,0.0,0.0,02:03,773:13,18,50.0,9.6,1.0,0.0,2.0,2.0,155:30,20.0,-1.0,27.0,1275.0,11:32,02:19,00:01
8480853,Liam Foudy,"Foudy, Liam",C,2,11:51,,,,,,,,,,,,,,,1,,,,11:51,,,,0.0,0.0,0.0,1.0,1.0,0.0,0.0,00:00,11:05,0,0.0,0.0,0.0,0.0,0.0,0.0,00:46,0.0,-1.0,0.0,17.0,11:05,00:46,00:00
8480871,Adam Boqvist,"Boqvist, Adam",D,178,886:23,,,,,,,,,,,,,,,52,,,,17:02,,,,11.0,11.0,12.0,64.0,26.0,3.0,6.0,100:27,783:53,12,0.0,17.2,1.0,0.0,0.0,0.0,02:03,47.0,-11.0,22.0,1116.0,15:04,00:02,01:55
8470594,Marc-Andre Fleury,"Fleury, Marc-Andre",G,0,3284:52,5.0,4.0,0.0,28.0,23.0,1573.0,204.0,46.0,1323.0,50.0,1443.0,239.0,0.908,2.9042,56,56.0,1732.0,159.0,58:39,85.35564853556485,92.0,91.68399168399168,,,,,,,,,,,,,,,,,,,,,,,,
8471274,Alex Goligoski,"Goligoski, Alex",D,300,1363:04,,,,,,,,,,,,,,,72,,,,18:55,,,,28.0,2.0,34.0,80.0,56.0,0.0,4.0,85:43,1193:03,34,0.0,2.5,0.0,0.0,0.0,0.0,84:18,96.0,41.0,30.0,1605.0,16:34,01:10,01:11
8474716,Jared Spurgeon,"Spurgeon, Jared",D,309,1374:45,,,,,,,,,,,,,,,65,,,,21:09,,,,30.0,10.0,10.0,116.0,44.0,0.0,14.0,196:55,1047:40,10,0.0,8.6,2.0,2.0,0.0,0.0,130:10,83.0,32.0,40.0,1531.0,16:07,02:00,03:01
8475220,Marcus Foligno,"Foligno, Marcus",LW,542,1214:11,,,,,,,,,,,,,,,74,,,,16:24,,,,19.0,23.0,112.0,98.0,238.0,5.0,7.0,127:09,949:29,112,60.0,23.5,3.0,1.0,0.0,0.0,137:33,42.0,25.0,42.0,1481.0,12:49,01:51,01:43
8475692,Mats Zuccarello,"Zuccarello, Mats",RW,361,1301:15,,,,,,,,,,,,,,,70,,,,18:35,,,,55.0,24.0,24.0,159.0,36.0,7.0,28.0,217:18,1079:15,24,38.18,15.1,2.0,0.0,0.0,0.0,04:42,33.0,21.0,79.0,1327.0,15:25,00:04,03:06
8475750,Jon Merrill,"Merrill, Jon",D,259,1180:47,,,,,,,,,,,,,,,69,,,,17:06,,,,16.0,4.0,22.0,59.0,46.0,0.0,0.0,02:02,1043:57,22,0.0,6.8,0.0,0.0,0.0,0.0,134:48,112.0,15.0,20.0,1410.0,15:07,01:57,00:01
8476463,Jonas Brodin,"Brodin, Jonas",D,350,1711:02,,,,,,,,,,,,,,,73,,,,23:26,,,,25.0,5.0,18.0,126.0,42.0,1.0,7.0,117:56,1407:47,18,0.0,4.0,1.0,0.0,0.0,1.0,185:19,126.0,9.0,30.0,1824.0,19:17,02:32,01:36
8476856,Matt Dumba,"Dumba, Matt",D,394,1317:00,,,,,,,,,,,,,,,57,,,,23:06,,,,20.0,7.0,47.0,116.0,114.0,1.0,5.0,99:19,1102:40,47,0.0,6.0,1.0,0.0,0.0,0.0,115:01,84.0,9.0,27.0,1377.0,19:20,02:01,01:44
8477451,Ryan Hartman,"Hartman, Ryan",RW,534,1490:48,,,,,,,,,,,,,,,82,,,,18:10,,,,31.0,34.0,95.0,239.0,72.0,1.0,8.0,192:26,1214:00,95,44.84,14.2,7.0,1.0,0.0,0.0,84:22,48.0,31.0,65.0,1637.0,14:48,01:01,02:20
8477919,Frederick Gaudreau,"Gaudreau, Frederick",C,282,1239:51,,,,,,,,,,,,,,,76,,,,16:18,,,,30.0,14.0,8.0,132.0,48.0,1.0,3.0,130:27,987:22,8,50.0,10.6,4.0,1.0,0.0,2.0,122:02,43.0,12.0,44.0,1448.0,12:59,01:36,01:42
8478136,Jacob Middleton,"Middleton, Jacob",D,412,1233:10,,,,,,,,,,,,,,,66,,,,18:41,,,,10.0,4.0,82.0,73.0,118.0,0.0,1.0,11:47,1115:22,82,0.0,5.5,0.0,0.0,0.0,1.0,106:01,124.0,10.0,14.0,1585.0,16:53,01:36,00:10
8478413,Jordan Greenway,"Greenway, Jordan",LW,397,902:52,,,,,,,,,,,,,,,62,,,,14:33,,,,17.0,10.0,69.0,110.0,155.0,1.0,2.0,44:11,791:39,69,36.73,9.1,3.0,0.0,0.0,0.0,67:02,31.0,26.0,27.0,1146.0,12:46,01:04,00:42
8478493,Joel Eriksson Ek,"Eriksson, Joel",C,502,1430:31,,,,,,,,,,,,,,,77,,,,18:34,,,,23.0,26.0,28.0,223.0,138.0,12.0,17.0,229:05,1036:03,28,47.57,11.7,3.0,2.0,0.0,0.0,165:23,44.0,16.0,49.0,1641.0,13:27,02:08,02:58
8478864,Kirill Kaprizov,"Kaprizov, Kirill",LW,569,1547:44,,,,,,,,,,,,,,,81,,,,19:06,,,,61.0,47.0,34.0,289.0,73.0,14.0,31.0,267:58,1276:28,34,55.55,16.3,5.0,2.0,0.0,0.0,03:18,29.0,27.0,108.0,1576.0,15:45,00:02,03:18
8479351,Sam Steel,"Steel, Sam",C,170,837:13,,,,,,,,,,,,,,,68,,,,12:18,,,,14.0,6.0,16.0,66.0,37.0,0.0,3.0,43:55,771:29,16,49.27,9.1,1.0,0.0,0.0,0.0,21:49,27.0,-17.0,20.0,1102.0,11:20,00:19,00:38
8479370,Tyson Jost,"Jost, Tyson",C,245,1025:36,,,,,,,,,,,,,,,80,,,,12:49,,,,12.0,8.0,34.0,97.0,55.0,0.0,0.0,38:17,852:45,34,40.37,8.2,2.0,0.0,0.0,1.0,134:34,37.0,2.0,20.0,1377.0,10:39,01:40,00:28
8479406,Filip Gustavsson,"Gustavsson, Filip",G,0,1047:33,1.0,0.0,0.0,5.0,12.0,512.0,69.0,15.0,428.0,16.0,476.0,82.0,0.892,3.5511,18,16.0,574.0,62.0,58:11,84.14634146341463,93.75,89.91596638655463,,,,,,,,,,,,,,,,,,,,,,,,
8479520,Brandon Duhaime,"Duhaime, Brandon",RW,450,817:27,,,,,,,,,,,,,,,80,,,,10:13,,,,11.0,6.0,122.0,91.0,201.0,0.0,0.0,02:16,767:14,122,28.57,6.6,1.0,0.0,0.0,0.0,47:57,18.0,-2.0,17.0,1156.0,09:35,00:35,00:01
8480005,Kristian Vesalainen,"Vesalainen, Kristian",LW,138,459:32,,,,,,,,,,,,,,,53,,,,08:40,,,,1.0,2.0,6.0,43.0,72.0,0.0,0.0,03:37,455:31,6,0.0,4.7,0.0,0.0,0.0,0.0,00:24,14.0,-8.0,3.0,663.0,08:35,00:00,00:04
8471218,Blake Wheeler,"Wheeler, Blake",RW,384,1270:01,,,,,,,,,,,,,,,65,,,,19:32,,,,43.0,17.0,36.0,167.0,62.0,3.0,20.0,206:25,1044:23,36,19.04,10.2,2.0,0.0,0.0,0.0,19:13,37.0,-15.0,60.0,1461.0,16:04,00:17,03:10
8474040,Sam Gagner,"Gagner, Sam",C,242,1103:14,,,,,,,,,,,,,,,81,,,,13:37,,,,18.0,13.0,32.0,132.0,21.0,0.0,1.0,52:15,859:38,32,46.71,9.8,0.0,0.0,1.0,1.0,191:21,25.0,-4.0,31.0,1454.0,10:36,02:21,00:38
8475455,Brenden Dillon,"Dillon, Brenden",D,492,1487:47,,,,,,,,,,,,,,,79,,,,18:49,,,,17.0,3.0,67.0,85.0,212.0,0.0,0.0,03:23,1346:13,67,0.0,3.5,0.0,0.0,0.0,0.0,138:11,108.0,16.0,20.0,1916.0,17:02,01:44,00:02
8476331,Dylan DeMelo,"DeMelo, Dylan",D,340,1405:56,,,,,,,,,,,,,,,76,,,,18:29,,,,12.0,1.0,28.0,78.0,113.0,0.0,0.0,01:42,1205:23,28,0.0,1.3,0.0,0.0,1.0,2.0,198:51,108.0,10.0,13.0,1764.0,15:51,02:36,00:01
8476392,Adam Lowry,"Lowry, Adam",C,471,1222:57,,,,,,,,,,,,,,,79,,,,15:28,,,,8.0,13.0,59.0,115.0,231.0,0.0,2.0,71:26,968:42,59,53.0,11.3,0.0,0.0,3.0,5.0,182:49,43.0,1.0,21.0,1744.0,12:15,02:18,00:54
8476460,Mark Scheifele,"Scheifele, Mark",C,357,1415:58,,,,,,,,,,,,,,,67,,,,21:08,,,,41.0,29.0,23.0,159.0,36.0,7.0,19.0,232:39,1178:41,23,50.7,18.2,3.0,2.0,0.0,0.0,04:38,47.0,-17.0,70.0,1500.0,17:35,00:04,03:28
8476945,Connor Hellebuyck,"Hellebuyck, Connor",G,0,3903:30,10.0,4.0,0.0,29.0,27.0,1962.0,271.0,67.0,1624.0,72.0,1768.0,315.0,0.91,2.9666,66,66.0,2155.0,193.0,59:08,86.03174603174604,93.05555555555556,91.8552036199095,,,,,,,,,,,,,,,,,,,,,,,,
8476952,Dominic Toninato,"Toninato, Dominic",C,206,646:41,,,,,,,,,,,,,,,77,,,,08:23,,,,7.0,7.0,22.0,44.0,92.0,0.0,1.0,03:14,531:12,22,42.43,15.9,1.0,0.0,1.0,4.0,112:15,32.0,1.0,14.0,962.0,06:53,01:27,00:02
8477085,Ashton Sautner,"Sautner, Ashton",D,0,00:00,,,,,,,,,,,,,,,0,,,,,,,,0.0,0.0,0.0,0.0,0.0,0.0,0.0,00:00,00:00,0,0.0,0.0,0.0,0.0,0.0,0.0,00:00,0.0,0.0,0.0,0.0,,,
8477220,Nate Schmidt,"Schmidt, Nate",D,312,1556:10,,,,,,,,,,,,,,,77,,,,20:12,,,,28.0,4.0,10.0,117.0,37.0,1.0,11.0,128:24,1377:23,10,0.0,3.4,1.0,0.0,0.0,1.0,50:23,104.0,-4.0,32.0,1909.0,17:53,00:39,01:40
8480849,Barrett Hayton,"Hayton, Barrett",C,249,967:01,,,,,,,,,,,,,,,60,,,,16:07,,,,14.0,10.0,20.0,82.0,84.0,2.0,5.0,92:18,786:56,20,48.14,12.2,1.0,0.0,0.0,0.0,87:47,33.0,-8.0,24.0,1388.0,13:06,01:27,01:32
8471217,Andrew Ladd,"Ladd, Andrew",LW,221,720:08,,,,,,,,,,,,,,,51,,,,14:07,,,,5.0,7.0,47.0,57.0,68.0,3.0,4.0,82:19,598:49,47,70.0,12.3,0.0,0.0,0.0,0.0,39:00,33.0,-20.0,12.0,987.0,11:44,00:45,01:36
8475178,Zack Kassian,"Kassian, Zack",RW,303,683:30,,,,,,,,,,,,,,,58,,,,11:47,,,,13.0,6.0,63.0,58.0,154.0,2.0,2.0,17:16,664:08,63,42.85,10.3,1.0,0.0,0.0,0.0,02:06,6.0,2.0,19.0,889.0,11:27,00:02,00:17
8475747,Patrik Nemeth,"Nemeth, Patrik",D,305,1047:58,,,,,,,,,,,,,,,63,,,,16:38,,,,5.0,2.0,28.0,52.0,115.0,0.0,0.0,04:11,945:00,28,0.0,3.8,1.0,0.0,0.0,0.0,98:47,102.0,-9.0,7.0,1364.0,15:00,01:34,00:03
8475760,Nick Bjugstad,"Bjugstad, Nick",C,228,584:51,,,,,,,,,,,,,,,57,,,,10:15,,,,6.0,7.0,20.0,81.0,99.0,1.0,1.0,07:36,574:37,20,55.29,8.6,0.0,0.0,0.0,0.0,02:38,14.0,-2.0,13.0,782.0,10:04,00:02,00:08
8476329,Travis Boyd,"Boyd, Travis",C,289,1221:58,,,,,,,,,,,,,,,74,,,,16:30,,,,18.0,17.0,34.0,88.0,71.0,2.0,4.0,122:37,1052:37,34,45.3,19.3,2.0,1.0,0.0,0.0,46:44,55.0,-10.0,35.0,1692.0,14:13,00:37,01:39
8476903,Jon Gillies,"Gillies, Jon",G,0,1004:45,2.0,0.0,0.0,3.0,10.0,488.0,46.0,19.0,423.0,22.0,476.0,52.0,0.887,3.7024,20,15.0,550.0,62.0,50:14,88.46153846153845,86.36363636363636,88.8655462184874,,,,,,,,,,,,,,,,,,,,,,,,
8476906,Shayne Gostisbehere,"Gostisbehere, Shayne",D,424,1819:37,,,,,,,,,,,,,,,82,,,,22:11,,,,37.0,14.0,26.0,151.0,60.0,2.0,19.0,233:28,1516:05,26,0.0,9.3,2.0,1.0,0.0,0.0,70:04,115.0,-23.0,51.0,2095.0,18:29,00:51,02:50
8477070,Liam O'Brien,"O'Brien, Liam",C,294,369:37,,,,,,,,,,,,,,,39,,,,09:28,,,,1.0,2.0,106.0,36.0,139.0,0.0,0.0,03:40,363:34,106,50.0,5.6,0.0,0.0,0.0,0.0,02:23,10.0,1.0,3.0,548.0,09:19,00:03,00:05
8477384,Josh Brown,"Brown, Josh",D,268,739:16,,,,,,,,,,,,,,,52,,,,14:13,,,,6.0,0.0,37.0,45.0,118.0,0.0,0.0,01:00,644:10,37,0.0,0.0,0.0,0.0,0.0,0.0,94:06,62.0,-7.0,6.0,1040.0,12:23,01:48,00:01
8477941,Nick Ritchie,"Ritchie, Nick",LW,338,723:59,,,,,,,,,,,,,,,57,,,,12:42,,,,11.0,12.0,43.0,93.0,153.0,1.0,4.0,84:41,638:40,43,0.0,12.9,0.0,0.0,0.0,0.0,00:38,22.0,-13.0,23.0,990.0,11:12,00:00,01:29
8477951,Nick Schmaltz,"Schmaltz, Nick",C,251,1149:31,,,,,,,,,,,,,,,63,,,,18:14,,,,36.0,23.0,14.0,123.0,15.0,4.0,8.0,151:02,967:05,14,47.69,18.7,4.0,0.0,0.0,0.0,31:24,28.0,1.0,59.0,1461.0,15:21,00:29,02:23
8478062,Dysin Mayo,"Mayo, Dysin",D,377,1401:22,,,,,,,,,,,,,,,67,,,,20:54,,,,8.0,4.0,27.0,76.0,129.0,0.0,0.0,04:07,1198:56,27,0.0,5.3,0.0,0.0,0.0,0.0,198:19,133.0,-22.0,12.0,1728.0,17:53,02:57,00:03
8478432,Christian Fischer,"Fischer, Christian",RW,214,694:57,,,,,,,,,,,,,,,53,,,,13:06,,,,5.0,5.0,14.0,76.0,91.0,1.0,1.0,53:54,596:54,14,34.08,6.6,0.0,0.0,0.0,0.0,44:09,22.0,-15.0,10.0,997.0,11:15,00:49,01:01
8478474,Lawson Crouse,"Crouse, Lawson",LW,445,1132:56,,,,,,,,,,,,,,,65,,,,17:25,,,,14.0,20.0,52.0,131.0,181.0,3.0,7.0,124:46,894:44,52,33.33,15.3,4.0,0.0,1.0,1.0,113:26,36.0,-9.0,34.0,1531.0,13:45,01:44,01:55
8478872,Karel Vejmelka,"Vejmelka, Karel",G,0,2773:14,3.0,1.0,0.0,13.0,32.0,1499.0,219.0,37.0,1243.0,40.0,1371.0,258.0,0.898,3.678,52,49.0,1669.0,170.0,53:19,84.88372093023256,92.5,90.66374908825675,,,,,,,,,,,,,,,,,,,,,,,,
8479341,Cam Dineen,"Dineen, Cam",D,129,531:43,,,,,,,,,,,,,,,34,,,,15:38,,,,7.0,0.0,4.0,52.0,22.0,0.0,0.0,08:03,487:09,4,0.0,0.0,0.0,0.0,0.0,0.0,36:31,44.0,-16.0,7.0,728.0,14:19,01:04,00:14
8479343,Clayton Keller,"Keller, Clayton",RW,329,1349:17,,,,,,,,,,,,,,,67,,,,20:08,,,,35.0,28.0,28.0,177.0,17.0,5.0,11.0,192:53,1079:08,28,42.64,15.8,2.0,2.0,1.0,2.0,77:16,31.0,3.0,63.0,1693.0,16:06,01:09,02:52
8479345,Jakob Chychrun,"Chychrun, Jakob",D,329,1080:45,,,,,,,,,,,,,,,47,,,,22:59,,,,14.0,7.0,47.0,141.0,51.0,1.0,1.0,88:38,910:38,47,0.0,5.0,2.0,1.0,0.0,0.0,81:29,66.0,-20.0,21.0,1229.0,19:22,01:44,01:53
8479442,Troy Stecher,"Stecher, Troy",D,137,483:23,,,,,,,,,,,,,,,29,,,,16:40,,,,2.0,1.0,13.0,50.0,33.0,0.0,0.0,03:35,455:27,13,0.0,2.0,0.0,0.0,0.0,0.0,24:21,38.0,-7.0,3.0,601.0,15:42,00:50,00:07
8479982,Conor Timmins,"Timmins, Conor",D,21,106:29,,,,,,,,,,,,,,,6,,,,17:44,,,,0.0,0.0,0.0,5.0,7.0,0.0,0.0,04:43,95:49,0,0.0,0.0,0.0,0.0,0.0,0.0,05:57,9.0,-6.0,0.0,129.0,15:58,00:59,00:47
8480855,Jack McBain,"McBain, Jack",C,64,141:45,,,,,,,,,,,,,,,10,,,,14:10,,,,1.0,2.0,6.0,13.0,33.0,0.0,0.0,05:42,116:14,6,33.98,15.4,0.0,0.0,0.0,0.0,19:49,9.0,-6.0,3.0,241.0,11:37,01:58,00:34
8480979,Nathan Smith,"Smith, Nathan",C,52,141:30,,,,,,,,,,,,,,,10,,,,14:09,,,,2.0,2.0,2.0,14.0,26.0,0.0,0.0,16:22,124:21,2,39.58,14.3,0.0,0.0,0.0,0.0,00:47,6.0,-1.0,4.0,191.0,12:26,00:04,01:38
8481609,Vladislav Kolyachonok,"Kolyachonok, Vladislav",D,108,507:07,,,,,,,,,,,,,,,32,,,,15:50,,,,2.0,1.0,6.0,24.0,39.0,0.0,0.0,00:33,490:02,6,0.0,4.2,0.0,0.0,0.0,0.0,16:32,36.0,0.0,3.0,662.0,15:18,00:31,00:01
8482655,J.J. Moser,"Moser, J.J.",D,161,803:47,,,,,,,,,,,,,,,43,,,,18:41,,,,11.0,4.0,16.0,40.0,32.0,1.0,2.0,52:11,685:18,16,0.0,10.0,1.0,0.0,0.0,0.0,66:18,55.0,-10.0,15.0,1048.0,15:56,01:32,01:12
8475191,Reilly Smith,"Smith, Reilly",RW,284,995:53,,,,,,,,,,,,,,,56,,,,17:47,,,,22.0,16.0,8.0,150.0,55.0,3.0,7.0,100:58,795:54,8,50.0,10.7,3.0,0.0,2.0,4.0,99:01,23.0,4.0,38.0,1262.0,14:12,01:46,01:48
8476316,Laurent Brossoit,"Brossoit, Laurent",G,0,1281:26,3.0,1.0,0.0,10.0,9.0,526.0,69.0,14.0,443.0,16.0,487.0,85.0,0.895,2.903,24,21.0,588.0,62.0,53:23,81.17647058823529,87.5,90.96509240246407,,,,,,,,,,,,,,,,,,,,,,,,
8479353,Brett Howden,"Howden, Brett",C,171,500:49,,,,,,,,,,,,,,,47,,,,10:39,,,,11.0,9.0,12.0,39.0,62.0,0.0,0.0,01:40,478:49,12,48.11,23.1,2.0,0.0,0.0,2.0,20:20,36.0,9.0,20.0,725.0,10:11,00:25,00:02
8479974,Nolan Patrick,"Patrick, Nolan",C,77,287:40,,,,,,,,,,,,,,,25,,,,11:30,,,,5.0,2.0,6.0,34.0,26.0,0.0,1.0,41:40,245:46,6,48.25,5.9,0.0,0.0,0.0,0.0,00:14,3.0,1.0,7.0,403.0,09:49,00:00,01:40
8479980,Nicolas Hague,"Hague, Nicolas",D,305,970:23,,,,,,,,,,,,,,,52,,,,18:39,,,,10.0,4.0,38.0,116.0,57.0,0.0,0.0,19:44,870:55,38,0.0,3.4,0.0,0.0,0.0,0.0,79:44,80.0,6.0,14.0,1233.0,16:44,01:32,00:22
8473548,Phil Kessel,"Kessel, Phil",RW,308,1367:33,,,,,,,,,,,,,,,82,,,,16:40,,,,44.0,8.0,40.0,175.0,6.0,2.0,14.0,223:32,1141:56,40,33.33,4.6,0.0,0.0,0.0,0.0,02:05,21.0,-24.0,52.0,1725.0,13:55,00:01,02:43
8474166,Alec Martinez,"Martinez, Alec",D,138,508:03,,,,,,,,,,,,,,,26,,,,19:32,,,,5.0,3.0,4.0,32.0,26.0,0.0,0.0,12:31,464:06,4,0.0,9.4,0.0,0.0,0.0,0.0,31:26,68.0,6.0,8.0,623.0,17:51,01:12,00:28
8474565,Alex Pietrangelo,"Pietrangelo, Alex",D,556,1971:54,,,,,,,,,,,,,,,80,,,,24:38,,,,31.0,13.0,42.0,227.0,66.0,3.0,13.0,177:03,1598:57,42,0.0,5.7,0.0,0.0,1.0,4.0,195:54,164.0,7.0,44.0,2173.0,19:59,02:26,02:12
8474636,Michael Hutchinson,"Hutchinson, Michael",G,0,78:43,0.0,0.0,0.0,0.0,1.0,36.0,5.0,1.0,30.0,1.0,35.0,6.0,0.857,4.5734,2,1.0,42.0,6.0,39:21,83.33333333333334,100.0,85.71428571428571,,,,,,,,,,,,,,,,,,,,,,,,
8475188,Brayden McNabb,"McNabb, Brayden",D,478,1359:18,,,,,,,,,,,,,,,69,,,,19:42,,,,15.0,3.0,42.0,85.0,154.0,0.0,0.0,01:26,1176:14,42,0.0,3.5,0.0,0.0,0.0,1.0,181:38,179.0,10.0,18.0,1637.0,17:02,02:37,00:01
8475215,Robin Lehner,"Lehner, Robin",G,0,2546:39,2.0,1.0,0.0,23.0,17.0,1168.0,140.0,33.0,995.0,35.0,1090.0,163.0,0.907,2.8272,44,44.0,1288.0,120.0,57:52,85.88957055214725,94.28571428571428,91.28440366972477,,,,,,,,,,,,,,,,,,,,,,,,
8475278,Byron Froese,"Froese, Byron",C,0,00:00,,,,,,,,,,,,,,,0,,,,,,,,0.0,0.0,0.0,0.0,0.0,0.0,0.0,00:00,00:00,0,0.0,0.0,0.0,0.0,0.0,0.0,00:00,0.0,0.0,0.0,0.0,,,
8475913,Mark Stone,"Stone, Mark",RW,160,678:42,,,,,,,,,,,,,,,37,,,,18:20,,,,21.0,9.0,8.0,71.0,19.0,3.0,6.0,99:04,554:39,8,44.82,12.7,2.0,0.0,0.0,1.0,24:59,24.0,7.0,30.0,798.0,14:59,00:40,02:40
8476448,William Karlsson,"Karlsson, William",C,267,1224:53,,,,,,,,,,,,,,,67,,,,18:16,,,,23.0,12.0,10.0,135.0,42.0,1.0,3.0,136:04,986:14,10,51.67,8.9,0.0,0.0,2.0,2.0,102:35,42.0,3.0,35.0,1528.0,14:43,01:31,02:01
8476539,Jonathan Marchessault,"Marchessault, Jonathan",C,455,1334:50,,,,,,,,,,,,,,,76,,,,17:33,,,,36.0,30.0,36.0,251.0,61.0,5.0,20.0,161:23,1172:14,36,43.0,12.0,4.0,0.0,0.0,0.0,01:13,17.0,3.0,66.0,1606.0,15:25,00:00,02:07
8476905,Chandler Stephenson,"Stephenson, Chandler",C,344,1526:02,,,,,,,,,,,,,,,79,,,,19:19,,,,43.0,21.0,26.0,125.0,68.0,6.0,14.0,178:40,1224:46,26,52.03,16.8,3.0,0.0,1.0,2.0,122:36,44.0,5.0,64.0,1832.0,15:30,01:33,02:15
8477018,Ben Hutton,"Hutton, Ben",D,244,896:59,,,,,,,,,,,,,,,58,,,,15:27,,,,10.0,3.0,32.0,78.0,49.0,0.0,0.0,01:22,853:43,32,0.0,3.8,0.0,0.0,0.0,0.0,41:54,72.0,7.0,13.0,1148.0,14:43,00:43,00:01
8477447,Shea Theodore,"Theodore, Shea",D,432,1804:27,,,,,,,,,,,,,,,78,,,,23:08,,,,38.0,14.0,24.0,205.0,37.0,1.0,12.0,192:20,1587:47,24,0.0,6.8,5.0,3.0,0.0,0.0,24:20,97.0,6.0,52.0,2050.0,20:21,00:18,02:27
8477478,William Carrier,"Carrier, William",LW,357,732:14,,,,,,,,,,,,,,,63,,,,11:37,,,,11.0,9.0,34.0,120.0,159.0,0.0,0.0,04:06,717:25,34,50.0,7.5,0.0,0.0,0.0,0.0,10:43,24.0,7.0,20.0,1079.0,11:23,00:10,00:03
8478020,Michael Amadio,"Amadio, Michael",C,157,680:57,,,,,,,,,,,,,,,56,,,,12:09,,,,7.0,11.0,15.0,64.0,42.0,0.0,0.0,02:54,667:55,15,41.66,17.2,2.0,0.0,0.0,0.0,10:08,16.0,1.0,18.0,886.0,11:55,00:10,00:03
8478403,Jack Eichel,"Eichel, Jack",C,258,659:19,,,,,,,,,,,,,,,34,,,,19:23,,,,11.0,14.0,10.0,133.0,45.0,3.0,8.0,100:17,557:40,10,48.54,10.5,2.0,0.0,0.0,0.0,01:22,35.0,3.0,25.0,744.0,16:24,00:02,02:56
8478434,Keegan Kolesar,"Kolesar, Keegan",RW,479,974:05,,,,,,,,,,,,,,,77,,,,12:39,,,,17.0,7.0,68.0,94.0,246.0,1.0,1.0,36:04,894:56,68,40.42,7.4,0.0,0.0,1.0,1.0,43:05,46.0,-6.0,24.0,1380.0,11:37,00:33,00:28
8478462,Nicolas Roy,"Roy, Nicolas",C,362,1267:39,,,,,,,,,,,,,,,78,,,,16:15,,,,24.0,15.0,51.0,145.0,85.0,2.0,5.0,135:55,1027:41,51,48.76,10.3,3.0,0.0,0.0,1.0,104:03,34.0,12.0,39.0,1693.0,13:10,01:20,01:44
8478499,Adin Hill,"Hill, Adin",G,0,1375:57,1.0,2.0,0.0,10.0,11.0,587.0,65.0,20.0,502.0,24.0,547.0,77.0,0.906,2.66,25,22.0,648.0,61.0,55:02,84.4155844155844,83.33333333333334,91.77330895795247,,,,,,,,,,,,,,,,,,,,,,,,
8479991,Jake Leschyshyn,"Leschyshyn, Jake",C,117,463:21,,,,,,,,,,,,,,,41,,,,11:18,,,,4.0,2.0,8.0,35.0,45.0,0.0,0.0,01:06,429:28,8,46.03,5.7,0.0,0.0,0.0,0.0,32:47,23.0,-2.0,6.0,672.0,10:28,00:47,00:01
8480007,Jonas Rondbjerg,"Rondbjerg, Jonas",RW,64,300:22,,,,,,,,,,,,,,,30,,,,10:00,,,,4.0,2.0,4.0,30.0,13.0,0.0,0.0,00:23,285:20,4,0.0,6.7,0.0,0.0,0.0,0.0,14:39,11.0,0.0,6.0,432.0,09:30,00:29,00:00
8480238,Jiri Patera,"Patera, Jiri",G,0,00:00,0.0,0.0,0.0,0.0,0.0,0.0,0.0,0.0,0.0,0.0,0.0,0.0,0.0,,0,0.0,0.0,0.0,,,,,,,,,,,,,,,,,,,,,,,,,,,,
8480313,Logan Thompson,"Thompson, Logan",G,0,1097:44,3.0,1.0,0.0,10.0,5.0,520.0,52.0,13.0,455.0,15.0,494.0,60.0,0.914,2.6782,19,17.0,569.0,49.0,57:46,86.66666666666667,86.66666666666667,92.10526315789474,,,,,,,,,,,,,,,,,,,,,,,,
8479293,Brandon Tanev,"Tanev, Brandon",LW,204,437:04,,,,,,,,,,,,,,,30,,,,14:34,,,,6.0,9.0,13.0,51.0,98.0,2.0,2.0,06:26,388:33,13,50.0,17.6,3.0,0.0,1.0,1.0,42:05,22.0,4.0,15.0,635.0,12:57,01:24,00:12
8474586,Jordan Eberle,"Eberle, Jordan",RW,321,1418:14,,,,,,,,,,,,,,,79,,,,17:57,,,,23.0,21.0,14.0,164.0,48.0,4.0,9.0,217:21,1200:13,14,30.0,12.8,2.0,0.0,0.0,0.0,00:40,40.0,-28.0,44.0,1688.0,15:11,00:00,02:45
8474602,Justin Schultz,"Schultz, Justin",D,264,1252:05,,,,,,,,,,,,,,,74,,,,16:55,,,,19.0,4.0,16.0,92.0,40.0,2.0,5.0,106:16,1142:36,16,0.0,4.3,1.0,0.0,0.0,0.0,03:13,87.0,-15.0,23.0,1645.0,15:26,00:02,01:26
8474889,Martin Jones,"Jones, Martin",G,0,1997:08,3.0,0.0,0.0,12.0,18.0,1027.0,125.0,36.0,866.0,39.0,956.0,146.0,0.9,3.4249,35,33.0,1141.0,114.0,57:03,85.61643835616438,92.3076923076923,90.5857740585774,,,,,,,,,,,,,,,,,,,,,,,,
8475768,Jaden Schwartz,"Schwartz, Jaden",C,197,682:52,,,,,,,,,,,,,,,37,,,,18:27,,,,15.0,8.0,14.0,101.0,42.0,1.0,4.0,87:41,590:16,14,48.57,7.9,0.0,0.0,0.0,0.0,04:55,13.0,-13.0,23.0,837.0,15:57,00:07,02:22
8475820,Joonas Donskoi,"Donskoi, Joonas",RW,195,1112:47,,,,,,,,,,,,,,,75,,,,14:50,,,,20.0,2.0,14.0,89.0,36.0,0.0,3.0,84:34,878:13,14,35.71,2.2,0.0,0.0,0.0,1.0,150:00,31.0,-10.0,22.0,1484.0,11:42,02:00,01:07
8475831,Philipp Grubauer,"Grubauer, Philipp",G,0,3111:25,5.0,2.0,0.0,18.0,31.0,1315.0,176.0,32.0,1107.0,34.0,1238.0,207.0,0.889,3.1625,55,54.0,1479.0,164.0,56:34,85.02415458937197,94.11764705882352,89.41841680129241,,,,,,,,,,,,,,,,,,,,,,,,
8476323,Max McCormick,"McCormick, Max",LW,32,81:00,,,,,,,,,,,,,,,10,,,,08:06,,,,0.0,0.0,10.0,8.0,11.0,0.0,0.0,00:09,80:21,10,50.0,0.0,0.0,0.0,0.0,0.0,00:30,3.0,1.0,0.0,113.0,08:02,00:03,00:00
8476433,Magnus Hellberg,"Hellberg, Magnus",G,0,60:00,0.0,0.0,0.0,1.0,0.0,20.0,0.0,1.0,19.0,1.0,22.0,0.0,0.87,3.0,1,1.0,23.0,3.0,60:00,,100.0,86.36363636363636,,,,,,,,,,,,,,,,,,,,,,,,
8476457,Adam Larsson,"Larsson, Adam",D,526,1826:45,,,,,,,,,,,,,,,82,,,,22:16,,,,17.0,8.0,55.0,119.0,183.0,0.0,1.0,08:39,1609:25,55,0.0,6.7,3.0,1.0,0.0,0.0,208:41,140.0,-23.0,25.0,2114.0,19:37,02:32,00:06
8476467,Jamie Oleksiak,"Oleksiak, Jamie",D,434,1391:58,,,,,,,,,,,,,,,72,,,,19:19,,,,16.0,1.0,54.0,95.0,182.0,0.0,0.0,05:54,1258:21,54,0.0,1.1,0.0,0.0,0.0,1.0,127:43,86.0,-1.0,17.0,1713.0,17:28,01:46,00:04
8476826,Yanni Gourde,"Gourde, Yanni",C,338,1367:46,,,,,,,,,,,,,,,74,,,,18:29,,,,27.0,21.0,45.0,127.0,77.0,3.0,7.0,144:46,1107:14,45,49.49,16.5,3.0,0.0,1.0,4.0,115:46,31.0,-13.0,48.0,1687.0,14:57,01:33,01:57
8476904,Chris Driedger,"Driedger, Chris",G,0,1478:24,1.0,1.0,0.0,9.0,14.0,649.0,85.0,19.0,545.0,21.0,594.0,107.0,0.899,2.9627,27,24.0,722.0,73.0,54:45,79.43925233644859,90.47619047619048,91.75084175084174,,,,,,,,,,,,,,,,,,,,,,,,
8477369,Carson Soucy,"Soucy, Carson",D,359,1130:14,,,,,,,,,,,,,,,64,,,,17:39,,,,11.0,10.0,47.0,97.0,118.0,0.0,2.0,45:43,986:45,47,0.0,10.3,1.0,0.0,1.0,2.0,97:46,73.0,7.0,21.0,1525.0,15:25,01:31,00:42
8477401,John Hayden,"Hayden, John",C,281,596:37,,,,,,,,,,,,,,,55,,,,10:50,,,,2.0,2.0,84.0,65.0,104.0,0.0,0.0,02:28,562:13,84,22.22,3.1,0.0,0.0,0.0,0.0,31:56,24.0,-12.0,4.0,835.0,10:13,00:34,00:02
8477416,Oliver Bjorkstrand,"Bjorkstrand, Oliver",RW,424,1435:59,,,,,,,,,,,,,,,80,,,,17:56,,,,29.0,28.0,16.0,215.0,85.0,9.0,19.0,249:07,1182:02,16,43.47,13.0,1.0,0.0,0.0,0.0,04:50,31.0,-35.0,57.0,1624.0,14:46,00:03,03:06
8477444,Andre Burakovsky,"Burakovsky, Andre",LW,327,1300:40,,,,,,,,,,,,,,,80,,,,16:15,,,,39.0,22.0,18.0,149.0,49.0,4.0,11.0,161:28,1139:07,18,40.0,14.8,5.0,0.0,0.0,0.0,00:05,34.0,12.0,61.0,1639.0,14:14,00:00,02:01
